date,merchant,amount,category
2025-09-14 23:48:46,Zomato,203,Restaurant
2025-09-15 07:01:46,Swiggy,128,Restaurant
2025-09-15 14:14:46,KFC,186,Restaurant
2025-09-15 21:27:46,McDonalds,489,Restaurant
2025-09-15 04:40:46,DMart,610,Market
2025-09-15 10:53:46,BigBazaar,892,Market
2025-09-16 18:06:46,Reliance,1327,Market
2025-09-16 01:19:46,Blinkit,1955,Market
2025-09-16 08:32:46,Starbucks,3308,Coffee
2025-09-16 15:45:46,CafeCoffeeDay,4546,Coffee
2025-09-16 21:58:46,Barista,213,Coffee
2025-09-16 05:11:46,OlaCabs,289,Transport
2025-09-17 12:24:46,Uber,319,Transport
2025-09-17 19:37:46,IRCTC,322,Transport
2025-09-17 01:50:46,Rapido,691,Transport
2025-09-17 09:03:46,Razorpay,938,Business
2025-09-17 16:16:46,Zoho,1278,Business
2025-09-17 23:29:46,Meesho,1927,Business
2025-09-18 06:42:46,Zomato,3143,Restaurant
2025-09-18 12:55:46,Swiggy,4575,Restaurant
2025-09-18 20:08:46,KFC,99,Restaurant
2025-09-18 03:21:46,McDonalds,229,Restaurant
2025-09-18 10:34:46,DMart,334,Market
2025-09-18 17:47:46,BigBazaar,306,Market
2025-09-19 00:00:46,Reliance,683,Market
2025-09-19 07:13:46,Blinkit,880,Market
2025-09-19 14:26:46,Starbucks,1453,Coffee
2025-09-19 21:39:46,CafeCoffeeDay,2086,Coffee
2025-09-19 03:52:46,Barista,3299,Coffee
2025-09-19 11:05:46,OlaCabs,4659,Transport
2025-09-20 18:18:46,Uber,147,Transport
2025-09-20 01:31:46,IRCTC,156,Transport
2025-09-20 08:44:46,Rapido,294,Transport
2025-09-20 14:57:46,Razorpay,450,Business
2025-09-20 22:10:46,Zoho,611,Business
2025-09-20 05:23:46,Meesho,831,Business
2025-09-21 12:36:46,Zomato,1464,Restaurant
2025-09-21 18:49:46,Swiggy,1960,Restaurant
2025-09-21 02:02:46,KFC,3298,Restaurant
2025-09-21 09:15:46,McDonalds,4628,Restaurant
2025-09-21 16:28:46,DMart,127,Market
2025-09-21 23:41:46,BigBazaar,171,Market
2025-09-22 05:54:46,Reliance,219,Market
2025-09-22 13:07:46,Blinkit,355,Market
2025-09-22 20:20:46,Starbucks,735,Coffee
2025-09-22 03:33:46,CafeCoffeeDay,916,Coffee
2025-09-22 10:46:46,Barista,1296,Coffee
2025-09-22 16:59:46,OlaCabs,1943,Transport
2025-09-23 00:12:46,Uber,3217,Transport
2025-09-23 07:25:46,IRCTC,4544,Transport
2025-09-23 14:38:46,Rapido,131,Transport
2025-09-23 20:51:46,Razorpay,188,Business
2025-09-23 04:04:46,Zoho,334,Business
2025-09-23 11:17:46,Meesho,367,Business
2025-09-24 18:30:46,Zomato,551,Restaurant
2025-09-24 01:43:46,Swiggy,1016,Restaurant
2025-09-24 07:56:46,KFC,1387,Restaurant
2025-09-24 15:09:46,McDonalds,2057,Restaurant
2025-09-24 22:22:46,DMart,3151,Market
2025-09-24 05:35:46,BigBazaar,4616,Market
2025-09-25 11:48:46,Reliance,60,Market
2025-09-25 19:01:46,Blinkit,241,Market
2025-09-25 02:14:46,Starbucks,255,Coffee
2025-09-25 09:27:46,CafeCoffeeDay,460,Coffee
2025-09-25 16:40:46,Barista,698,Coffee
2025-09-25 22:53:46,OlaCabs,922,Transport
2025-09-26 06:06:46,Uber,1417,Transport
2025-09-26 13:19:46,IRCTC,1969,Transport
2025-09-26 20:32:46,Rapido,3300,Transport
2025-09-26 03:45:46,Razorpay,4537,Business
2025-09-26 09:58:46,Zoho,60,Business
2025-09-26 17:11:46,Meesho,269,Business
2025-09-27 00:24:46,Zomato,238,Restaurant
2025-09-27 07:37:46,Swiggy,497,Restaurant
2025-09-27 13:50:46,KFC,614,Restaurant
2025-09-27 21:03:46,McDonalds,850,Restaurant
2025-09-27 04:16:46,DMart,1329,Market
2025-09-27 11:29:46,BigBazaar,1945,Market
2025-09-28 18:42:46,Reliance,3217,Market
2025-09-28 00:55:46,Blinkit,4591,Market
2025-09-28 08:08:46,Starbucks,156,Coffee
2025-09-28 15:21:46,CafeCoffeeDay,262,Coffee
2025-09-28 22:34:46,Barista,273,Coffee
2025-09-28 05:47:46,OlaCabs,341,Transport
2025-09-29 12:00:46,Uber,634,Transport
2025-09-29 19:13:46,IRCTC,920,Transport
2025-09-29 02:26:46,Rapido,1323,Transport
2025-09-29 09:39:46,Razorpay,2091,Business
2025-09-29 15:52:46,Zoho,3188,Business
2025-09-29 23:05:46,Meesho,4699,Business
2025-09-30 06:18:46,Zomato,214,Restaurant
2025-09-30 13:31:46,Swiggy,265,Restaurant
2025-09-30 20:44:46,KFC,198,Restaurant
2025-09-30 02:57:46,McDonalds,455,Restaurant
2025-09-30 10:10:46,DMart,702,Market
2025-09-30 17:23:46,BigBazaar,873,Market
2025-10-01 00:36:46,Reliance,1406,Market
2025-10-01 06:49:46,Blinkit,2106,Market
2025-10-01 14:02:46,Starbucks,3182,Coffee
2025-10-01 21:15:46,CafeCoffeeDay,4561,Coffee
2025-10-01 04:28:46,Barista,158,Coffee
2025-10-01 11:41:46,OlaCabs,197,Transport
2025-10-02 17:54:46,Uber,249,Transport
2025-10-02 01:07:46,IRCTC,463,Transport
2025-10-02 08:20:46,Rapido,716,Transport
2025-10-02 15:33:46,Razorpay,972,Business
2025-10-02 22:46:46,Zoho,1326,Business
2025-10-02 04:59:46,Meesho,2095,Business
2025-10-03 12:12:46,Zomato,3203,Restaurant
2025-10-03 19:25:46,Swiggy,4716,Restaurant
2025-10-03 02:38:46,KFC,238,Restaurant
2025-10-03 08:51:46,McDonalds,114,Restaurant
2025-10-03 16:04:46,DMart,238,Market
2025-10-03 23:17:46,BigBazaar,308,Market
2025-10-04 06:30:46,Reliance,620,Market
2025-10-04 13:43:46,Blinkit,932,Market
2025-10-04 19:56:46,Starbucks,1338,Coffee
2025-10-04 03:09:46,CafeCoffeeDay,1936,Coffee
2025-10-04 10:22:46,Barista,3174,Coffee
2025-10-04 17:35:46,OlaCabs,4665,Transport
2025-10-04 23:48:46,Uber,223,Transport
2025-10-05 07:01:46,IRCTC,180,Transport
2025-10-05 14:14:46,Rapido,234,Transport
2025-10-05 21:27:46,Razorpay,467,Business
2025-10-05 04:40:46,Zoho,667,Business
2025-10-05 10:53:46,Meesho,931,Business
2025-10-06 18:06:46,Zomato,1434,Restaurant
2025-10-06 01:19:46,Swiggy,2037,Restaurant
2025-10-06 08:32:46,KFC,3156,Restaurant
2025-10-06 15:45:46,McDonalds,4587,Restaurant
2025-10-06 21:58:46,DMart,75,Market
2025-10-06 05:11:46,BigBazaar,163,Market
2025-10-07 12:24:46,Reliance,370,Market
2025-10-07 19:37:46,Blinkit,443,Market
2025-10-07 01:50:46,Starbucks,677,Coffee
2025-10-07 09:03:46,CafeCoffeeDay,897,Coffee
2025-10-07 16:16:46,Barista,1461,Coffee
2025-10-07 23:29:46,OlaCabs,2069,Transport
2025-10-08 06:42:46,Uber,3229,Transport
2025-10-08 12:55:46,IRCTC,4669,Transport
2025-10-08 20:08:46,Rapido,142,Transport
2025-10-08 03:21:46,Razorpay,192,Business
2025-10-08 10:34:46,Zoho,236,Business
2025-10-08 17:47:46,Meesho,335,Business
2025-10-09 00:00:46,Zomato,670,Restaurant
2025-10-09 07:13:46,Swiggy,956,Restaurant
2025-10-09 14:26:46,KFC,1293,Restaurant
2025-10-09 21:39:46,McDonalds,2113,Restaurant
2025-10-09 03:52:46,DMart,3132,Market
2025-10-09 11:05:46,BigBazaar,4548,Market
2025-10-10 18:18:46,Reliance,79,Market
2025-10-10 01:31:46,Blinkit,260,Market
2025-10-10 08:44:46,Starbucks,220,Coffee
2025-10-10 14:57:46,CafeCoffeeDay,474,Coffee
2025-10-10 22:10:46,Barista,648,Coffee
2025-10-10 05:23:46,OlaCabs,982,Transport
2025-10-11 12:36:46,Uber,1286,Transport
2025-10-11 18:49:46,IRCTC,2018,Transport
2025-10-11 02:02:46,Rapido,3217,Transport
2025-10-11 09:15:46,Razorpay,4672,Business
2025-10-11 16:28:46,Zoho,159,Business
2025-10-11 23:41:46,Meesho,235,Business
2025-10-12 05:54:46,Zomato,244,Restaurant
2025-10-12 13:07:46,Swiggy,441,Restaurant
2025-10-12 20:20:46,KFC,542,Restaurant
2025-10-12 03:33:46,McDonalds,1004,Restaurant
2025-10-12 10:46:46,DMart,1454,Market
2025-10-12 16:59:46,BigBazaar,1949,Market
2025-10-13 00:12:46,Reliance,3294,Market
2025-10-13 07:25:46,Blinkit,4657,Market
2025-10-13 14:38:46,Starbucks,232,Coffee
2025-10-13 20:51:46,CafeCoffeeDay,168,Coffee
2025-10-13 04:04:46,Barista,376,Coffee
2025-10-13 11:17:46,OlaCabs,464,Transport
2025-10-14 18:30:46,Uber,627,Transport
2025-10-14 01:43:46,IRCTC,858,Transport
2025-10-14 07:56:46,Rapido,1345,Transport
2025-10-14 15:09:46,Razorpay,2031,Business
2025-10-14 22:22:46,Zoho,3160,Business
2025-10-14 05:35:46,Meesho,4636,Business
2025-10-15 11:48:46,Zomato,60,Restaurant
2025-10-15 19:01:46,Swiggy,284,Restaurant
2025-10-15 02:14:46,KFC,364,Restaurant
2025-10-15 09:27:46,McDonalds,367,Restaurant
2025-10-15 16:40:46,DMart,668,Market
2025-10-15 22:53:46,BigBazaar,1025,Market
2025-10-16 06:06:46,Reliance,1315,Market
2025-10-16 13:19:46,Blinkit,2049,Market
2025-10-16 20:32:46,Starbucks,3147,Coffee
2025-10-16 03:45:46,CafeCoffeeDay,4680,Coffee
2025-10-16 09:58:46,Barista,116,Coffee
2025-10-16 17:11:46,OlaCabs,263,Transport
2025-10-17 00:24:46,Uber,309,Transport
2025-10-17 07:37:46,IRCTC,455,Transport
2025-10-17 13:50:46,Rapido,590,Transport
2025-10-17 21:03:46,Razorpay,869,Business
2025-10-17 04:16:46,Zoho,1365,Business
2025-10-17 11:29:46,Meesho,2115,Business
2025-10-18 18:42:46,Zomato,3161,Restaurant
2025-10-18 00:55:46,Swiggy,4658,Restaurant
2025-10-18 08:08:46,KFC,239,Restaurant
2025-10-18 15:21:46,McDonalds,235,Restaurant
2025-10-18 22:34:46,DMart,180,Market
2025-10-18 05:47:46,BigBazaar,453,Market
2025-10-19 12:00:46,Reliance,622,Market
2025-10-19 19:13:46,Blinkit,955,Market
2025-10-19 02:26:46,Starbucks,1274,Coffee
2025-10-19 09:39:46,CafeCoffeeDay,1948,Coffee
2025-10-19 15:52:46,Barista,3212,Coffee
2025-10-19 23:05:46,OlaCabs,4598,Transport
2025-10-20 06:18:46,Uber,101,Transport
2025-10-20 13:31:46,IRCTC,114,Transport
2025-10-20 20:44:46,Rapido,241,Transport
2025-10-20 02:57:46,Razorpay,445,Business
2025-10-20 10:10:46,Zoho,560,Business
2025-10-20 17:23:46,Meesho,851,Business
2025-10-21 00:36:46,Zomato,1457,Restaurant
2025-10-21 06:49:46,Swiggy,2044,Restaurant
2025-10-21 14:02:46,KFC,3137,Restaurant
2025-10-21 21:15:46,McDonalds,4714,Restaurant
2025-10-21 04:28:46,DMart,176,Market
2025-10-21 11:41:46,BigBazaar,296,Market
2025-10-22 17:54:46,Reliance,212,Market
2025-10-22 01:07:46,Blinkit,332,Market
2025-10-22 08:20:46,Starbucks,708,Coffee
2025-10-22 15:33:46,CafeCoffeeDay,951,Coffee
2025-10-22 22:46:46,Barista,1410,Coffee
2025-10-22 04:59:46,OlaCabs,1962,Transport
2025-10-23 12:12:46,Uber,3187,Transport
2025-10-23 19:25:46,IRCTC,4655,Transport
2025-10-23 02:38:46,Rapido,195,Transport
2025-10-23 08:51:46,Razorpay,208,Business
2025-10-23 16:04:46,Zoho,234,Business
2025-10-23 23:17:46,Meesho,438,Business
2025-10-24 06:30:46,Zomato,733,Restaurant
2025-10-24 13:43:46,Swiggy,1016,Restaurant
2025-10-24 19:56:46,KFC,1446,Restaurant
2025-10-24 03:09:46,McDonalds,1971,Restaurant
2025-10-24 10:22:46,DMart,3302,Market
2025-10-24 17:35:46,BigBazaar,4599,Market
2025-10-24 23:48:46,Reliance,142,Market
2025-10-25 07:01:46,Blinkit,271,Market
2025-10-25 14:14:46,Starbucks,346,Coffee
2025-10-25 21:27:46,CafeCoffeeDay,395,Coffee
2025-10-25 04:40:46,Barista,652,Coffee
2025-10-25 10:53:46,OlaCabs,962,Transport
2025-10-26 18:06:46,Uber,1385,Transport
2025-10-26 01:19:46,IRCTC,1950,Transport
2025-10-26 08:32:46,Rapido,3183,Transport
2025-10-26 15:45:46,Razorpay,4577,Business
2025-10-26 21:58:46,Zoho,60,Business
2025-10-26 05:11:46,Meesho,186,Business
2025-10-27 12:24:46,Zomato,185,Restaurant
2025-10-27 19:37:46,Swiggy,450,Restaurant
2025-10-27 01:50:46,KFC,681,Restaurant
2025-10-27 09:03:46,McDonalds,888,Restaurant
2025-10-27 16:16:46,DMart,1420,Market
2025-10-27 23:29:46,BigBazaar,1976,Market
2025-10-28 06:42:46,Reliance,3121,Market
2025-10-28 12:55:46,Blinkit,4538,Market
2025-10-28 20:08:46,Starbucks,221,Coffee
2025-10-28 03:21:46,CafeCoffeeDay,261,Coffee
2025-10-28 10:34:46,Barista,195,Coffee
2025-10-28 17:47:46,OlaCabs,358,Transport
2025-10-29 00:00:46,Uber,557,Transport
2025-10-29 07:13:46,IRCTC,838,Transport
2025-10-29 14:26:46,Rapido,1354,Transport
2025-10-29 21:39:46,Razorpay,1938,Business
2025-10-29 03:52:46,Zoho,3251,Business
2025-10-29 11:05:46,Meesho,4580,Business
2025-10-30 18:18:46,Zomato,111,Restaurant
2025-10-30 01:31:46,Swiggy,271,Restaurant
2025-10-30 08:44:46,KFC,304,Restaurant
2025-10-30 14:57:46,McDonalds,354,Restaurant
2025-10-30 22:10:46,DMart,678,Market
2025-10-30 05:23:46,BigBazaar,863,Market
2025-10-31 12:36:46,Reliance,1455,Market
2025-10-31 18:49:46,Blinkit,2066,Market
2025-10-31 02:02:46,Starbucks,3267,Coffee
2025-10-31 09:15:46,CafeCoffeeDay,4641,Coffee
2025-10-31 16:28:46,Barista,102,Coffee
2025-10-31 23:41:46,OlaCabs,300,Transport
2025-11-01 05:54:46,Uber,301,Transport
2025-11-01 13:07:46,IRCTC,404,Transport
2025-11-01 20:20:46,Rapido,588,Transport
2025-11-01 03:33:46,Razorpay,854,Business
2025-11-01 10:46:46,Zoho,1294,Business
2025-11-01 16:59:46,Meesho,2088,Business
2025-11-02 00:12:46,Zomato,3230,Restaurant
2025-11-02 07:25:46,Swiggy,4610,Restaurant
2025-11-02 14:38:46,KFC,148,Restaurant
2025-11-02 20:51:46,McDonalds,205,Restaurant
2025-11-02 04:04:46,DMart,299,Market
2025-11-02 11:17:46,BigBazaar,486,Market
2025-11-03 18:30:46,Reliance,553,Market
2025-11-03 01:43:46,Blinkit,1002,Market
2025-11-03 07:56:46,Starbucks,1437,Coffee
2025-11-03 15:09:46,CafeCoffeeDay,2085,Coffee
2025-11-03 22:22:46,Barista,3145,Coffee
2025-11-03 05:35:46,OlaCabs,4535,Transport
2025-11-04 11:48:46,Uber,143,Transport
2025-11-04 19:01:46,IRCTC,286,Transport
2025-11-04 02:14:46,Rapido,266,Transport
2025-11-04 09:27:46,Razorpay,327,Business
2025-11-04 16:40:46,Zoho,603,Business
2025-11-04 22:53:46,Meesho,879,Business
2025-11-05 06:06:46,Zomato,1318,Restaurant
2025-11-05 13:19:46,Swiggy,2057,Restaurant
2025-11-05 20:32:46,KFC,3234,Restaurant
2025-11-05 03:45:46,McDonalds,4555,Restaurant
2025-11-05 09:58:46,DMart,148,Market
2025-11-05 17:11:46,BigBazaar,146,Market
2025-11-06 00:24:46,Reliance,251,Market
2025-11-06 07:37:46,Blinkit,418,Market
2025-11-06 13:50:46,Starbucks,603,Coffee
2025-11-06 21:03:46,CafeCoffeeDay,849,Coffee
2025-11-06 04:16:46,Barista,1383,Coffee
2025-11-06 11:29:46,OlaCabs,2060,Transport
2025-11-07 18:42:46,Uber,3145,Transport
2025-11-07 00:55:46,IRCTC,4532,Transport
2025-11-07 08:08:46,Rapido,206,Transport
2025-11-07 15:21:46,Razorpay,238,Business
2025-11-07 22:34:46,Zoho,183,Business
2025-11-07 05:47:46,Meesho,323,Business
2025-11-08 12:00:46,Zomato,732,Restaurant
2025-11-08 19:13:46,Swiggy,890,Restaurant
2025-11-08 02:26:46,KFC,1312,Restaurant
2025-11-08 09:39:46,McDonalds,2024,Restaurant
2025-11-08 15:52:46,DMart,3244,Market
2025-11-08 23:05:46,BigBazaar,4643,Market
2025-11-09 06:18:46,Reliance,94,Market
2025-11-09 13:31:46,Blinkit,202,Market
2025-11-09 20:44:46,Starbucks,195,Coffee
2025-11-09 02:57:46,CafeCoffeeDay,342,Coffee
2025-11-09 10:10:46,Barista,637,Coffee
2025-11-09 17:23:46,OlaCabs,830,Transport
2025-11-10 00:36:46,Uber,1369,Transport
2025-11-10 06:49:46,IRCTC,1987,Transport
2025-11-10 14:02:46,Rapido,3320,Transport
2025-11-10 21:15:46,Razorpay,4720,Business
2025-11-10 04:28:46,Zoho,156,Business
2025-11-10 11:41:46,Meesho,173,Business
2025-11-11 17:54:46,Zomato,288,Restaurant
2025-11-11 01:07:46,Swiggy,478,Restaurant
2025-11-11 08:20:46,KFC,727,Restaurant
2025-11-11 15:33:46,McDonalds,1030,Restaurant
2025-11-11 22:46:46,DMart,1412,Market
2025-11-11 04:59:46,BigBazaar,2089,Market
2025-11-12 12:12:46,Reliance,3303,Market
2025-11-12 19:25:46,Blinkit,4644,Market
2025-11-12 02:38:46,Starbucks,79,Coffee
2025-11-12 08:51:46,CafeCoffeeDay,148,Coffee
2025-11-12 16:04:46,Barista,255,Coffee
2025-11-12 23:17:46,OlaCabs,355,Transport
2025-11-13 06:30:46,Uber,554,Transport
2025-11-13 13:43:46,IRCTC,978,Transport
2025-11-13 19:56:46,Rapido,1458,Transport
2025-11-13 03:09:46,Razorpay,2058,Business
2025-11-13 10:22:46,Zoho,3135,Business
2025-11-13 17:35:46,Meesho,4711,Business
2025-11-13 23:48:46,Zomato,120,Restaurant
2025-11-14 07:01:46,Swiggy,114,Restaurant
2025-11-14 14:14:46,KFC,192,Restaurant
2025-11-14 21:27:46,McDonalds,449,Restaurant
2025-11-14 04:40:46,DMart,662,Market
2025-11-14 10:53:46,BigBazaar,958,Market
2025-11-15 18:06:46,Reliance,1405,Market
2025-11-15 01:19:46,Blinkit,1960,Market
2025-11-15 08:32:46,Starbucks,3134,Coffee
2025-11-15 15:45:46,CafeCoffeeDay,4650,Coffee
2025-11-15 21:58:46,Barista,60,Coffee
2025-11-15 05:11:46,OlaCabs,147,Transport
2025-11-16 12:24:46,Uber,197,Transport
2025-11-16 19:37:46,IRCTC,452,Transport
2025-11-16 01:50:46,Rapido,557,Transport
2025-11-16 09:03:46,Razorpay,1002,Business
2025-11-16 16:16:46,Zoho,1330,Business
2025-11-16 23:29:46,Meesho,2023,Business
2025-11-17 06:42:46,Zomato,3150,Restaurant
2025-11-17 12:55:46,Swiggy,4665,Restaurant
2025-11-17 20:08:46,KFC,103,Restaurant
2025-11-17 03:21:46,McDonalds,248,Restaurant
2025-11-17 10:34:46,DMart,332,Market
2025-11-17 17:47:46,BigBazaar,310,Market
2025-11-18 00:00:46,Reliance,698,Market
2025-11-18 07:13:46,Blinkit,850,Market
2025-11-18 14:26:46,Starbucks,1377,Coffee
2025-11-18 21:39:46,CafeCoffeeDay,2088,Coffee
2025-11-18 03:52:46,Barista,3269,Coffee
2025-11-18 11:05:46,OlaCabs,4664,Transport
2025-11-19 18:18:46,Uber,173,Transport
2025-11-19 01:31:46,IRCTC,180,Transport
2025-11-19 08:44:46,Rapido,246,Transport
2025-11-19 14:57:46,Razorpay,352,Business
2025-11-19 22:10:46,Zoho,711,Business
2025-11-19 05:23:46,Meesho,1013,Business
2025-11-20 12:36:46,Zomato,1350,Restaurant
2025-11-20 18:49:46,Swiggy,1981,Restaurant
2025-11-20 02:02:46,KFC,3187,Restaurant
2025-11-20 09:15:46,McDonalds,4621,Restaurant
2025-11-20 16:28:46,DMart,73,Market
2025-11-20 23:41:46,BigBazaar,271,Market
2025-11-21 05:54:46,Reliance,345,Market
2025-11-21 13:07:46,Blinkit,376,Market
2025-11-21 20:20:46,Starbucks,657,Coffee
2025-11-21 03:33:46,CafeCoffeeDay,910,Coffee
2025-11-21 10:46:46,Barista,1462,Coffee
2025-11-21 16:59:46,OlaCabs,1938,Transport
2025-11-22 00:12:46,Uber,3122,Transport
2025-11-22 07:25:46,IRCTC,4637,Transport
2025-11-22 14:38:46,Rapido,199,Transport
2025-11-22 20:51:46,Razorpay,244,Business
2025-11-22 04:04:46,Zoho,205,Business
2025-11-22 11:17:46,Meesho,318,Business
2025-11-23 18:30:46,Zomato,677,Restaurant
2025-11-23 01:43:46,Swiggy,884,Restaurant
2025-11-23 07:56:46,KFC,1399,Restaurant
2025-11-23 15:09:46,McDonalds,1987,Restaurant
2025-11-23 22:22:46,DMart,3153,Market
2025-11-23 05:35:46,BigBazaar,4609,Market
2025-11-24 11:48:46,Reliance,60,Market
2025-11-24 19:01:46,Blinkit,162,Market
2025-11-24 02:14:46,Starbucks,274,Coffee
2025-11-24 09:27:46,CafeCoffeeDay,372,Coffee
2025-11-24 16:40:46,Barista,580,Coffee
2025-11-24 22:53:46,OlaCabs,942,Transport
2025-11-25 06:06:46,Uber,1409,Transport
2025-11-25 13:19:46,IRCTC,2100,Transport
2025-11-25 20:32:46,Rapido,3197,Transport
2025-11-25 03:45:46,Razorpay,4676,Business
2025-11-25 09:58:46,Zoho,207,Business
2025-11-25 17:11:46,Meesho,235,Business
2025-11-26 00:24:46,Zomato,182,Restaurant
2025-11-26 07:37:46,Swiggy,470,Restaurant
2025-11-26 13:50:46,KFC,681,Restaurant
2025-11-26 21:03:46,McDonalds,906,Restaurant
2025-11-26 04:16:46,DMart,1439,Market
2025-11-26 11:29:46,BigBazaar,1946,Market
2025-11-27 18:42:46,Reliance,3154,Market
2025-11-27 00:55:46,Blinkit,4587,Market
2025-11-27 08:08:46,Starbucks,69,Coffee
2025-11-27 15:21:46,CafeCoffeeDay,127,Coffee
2025-11-27 22:34:46,Barista,370,Coffee
2025-11-27 05:47:46,OlaCabs,441,Transport
2025-11-28 12:00:46,Uber,579,Transport
2025-11-28 19:13:46,IRCTC,899,Transport
2025-11-28 02:26:46,Rapido,1342,Transport
2025-11-28 09:39:46,Razorpay,2074,Business
2025-11-28 15:52:46,Zoho,3173,Business
2025-11-28 23:05:46,Meesho,4703,Business
2025-11-29 06:18:46,Zomato,127,Restaurant
2025-11-29 13:31:46,Swiggy,152,Restaurant
2025-11-29 20:44:46,KFC,355,Restaurant
2025-11-29 02:57:46,McDonalds,462,Restaurant
2025-11-29 10:10:46,DMart,607,Market
2025-11-29 17:23:46,BigBazaar,959,Market
2025-11-30 00:36:46,Reliance,1395,Market
2025-11-30 06:49:46,Blinkit,1984,Market
2025-11-30 14:02:46,Starbucks,3133,Coffee
2025-11-30 21:15:46,CafeCoffeeDay,4543,Coffee
2025-11-30 04:28:46,Barista,202,Coffee
2025-11-30 11:41:46,OlaCabs,208,Transport
2025-12-01 17:54:46,Uber,250,Transport
2025-12-01 01:07:46,IRCTC,311,Transport
2025-12-01 08:20:46,Rapido,540,Transport
2025-12-01 15:33:46,Razorpay,915,Business
2025-12-01 22:46:46,Zoho,1467,Business
2025-12-01 04:59:46,Meesho,1953,Business
2025-12-02 12:12:46,Zomato,3283,Restaurant
2025-12-02 19:25:46,Swiggy,4587,Restaurant
2025-12-02 02:38:46,KFC,81,Restaurant
2025-12-02 08:51:46,McDonalds,289,Restaurant
2025-12-02 16:04:46,DMart,293,Market
2025-12-02 23:17:46,BigBazaar,441,Market
2025-12-03 06:30:46,Reliance,720,Market
2025-12-03 13:43:46,Blinkit,939,Market
2025-12-03 19:56:46,Starbucks,1413,Coffee
2025-12-03 03:09:46,CafeCoffeeDay,1922,Coffee
2025-12-03 10:22:46,Barista,3148,Coffee
2025-12-03 17:35:46,OlaCabs,4539,Transport
2025-12-03 23:48:46,Uber,216,Transport
2025-12-04 07:01:46,IRCTC,138,Transport
2025-12-04 14:14:46,Rapido,319,Transport
2025-12-04 21:27:46,Razorpay,309,Business
2025-12-04 04:40:46,Zoho,634,Business
2025-12-04 10:53:46,Meesho,979,Business
2025-12-05 18:06:46,Zomato,1411,Restaurant
2025-12-05 01:19:46,Swiggy,1957,Restaurant
2025-12-05 08:32:46,KFC,3230,Restaurant
2025-12-05 15:45:46,McDonalds,4552,Restaurant
2025-12-05 21:58:46,DMart,60,Market
2025-12-05 05:11:46,BigBazaar,178,Market
2025-12-06 12:24:46,Reliance,273,Market
2025-12-06 19:37:46,Blinkit,310,Market
2025-12-06 01:50:46,Starbucks,631,Coffee
2025-12-06 09:03:46,CafeCoffeeDay,883,Coffee
2025-12-06 16:16:46,Barista,1444,Coffee
2025-12-06 23:29:46,OlaCabs,1983,Transport
2025-12-07 06:42:46,Uber,3290,Transport
2025-12-07 12:55:46,IRCTC,4546,Transport
2025-12-07 20:08:46,Rapido,130,Transport
2025-12-07 03:21:46,Razorpay,299,Business
2025-12-07 10:34:46,Zoho,323,Business
2025-12-07 17:47:46,Meesho,404,Business
2025-12-08 00:00:46,Zomato,698,Restaurant
2025-12-08 07:13:46,Swiggy,1021,Restaurant
2025-12-08 14:26:46,KFC,1309,Restaurant
2025-12-08 21:39:46,McDonalds,1980,Restaurant
2025-12-08 03:52:46,DMart,3161,Market
2025-12-08 11:05:46,BigBazaar,4565,Market
2025-12-09 18:18:46,Reliance,145,Market
2025-12-09 01:31:46,Blinkit,106,Market
2025-12-09 08:44:46,Starbucks,225,Coffee
2025-12-09 14:57:46,CafeCoffeeDay,488,Coffee
2025-12-09 22:10:46,Barista,625,Coffee
2025-12-09 05:23:46,OlaCabs,1030,Transport
2025-12-10 12:36:46,Uber,1375,Transport
2025-12-10 18:49:46,IRCTC,2091,Transport
2025-12-10 02:02:46,Rapido,3308,Transport
2025-12-10 09:15:46,Razorpay,4583,Business
2025-12-10 16:28:46,Zoho,108,Business
2025-12-10 23:41:46,Meesho,140,Business
2025-12-11 05:54:46,Zomato,359,Restaurant
2025-12-11 13:07:46,Swiggy,327,Restaurant
2025-12-11 20:20:46,KFC,637,Restaurant
2025-12-11 03:33:46,McDonalds,839,Restaurant
2025-12-11 10:46:46,DMart,1390,Market
2025-12-11 16:59:46,BigBazaar,1976,Market
2025-12-12 00:12:46,Reliance,3171,Market
2025-12-12 07:25:46,Blinkit,4637,Market
2025-12-12 14:38:46,Starbucks,129,Coffee
2025-12-12 20:51:46,CafeCoffeeDay,178,Coffee
2025-12-12 04:04:46,Barista,238,Coffee
2025-12-12 11:17:46,OlaCabs,357,Transport
2025-12-13 18:30:46,Uber,546,Transport
2025-12-13 01:43:46,IRCTC,998,Transport
2025-12-13 07:56:46,Rapido,1319,Transport
2025-12-13 15:09:46,Razorpay,2022,Business
2025-12-13 22:22:46,Zoho,3204,Business
2025-12-13 05:35:46,Meesho,4591,Business
2025-12-14 11:48:46,Zomato,60,Restaurant
2025-12-14 19:01:46,Swiggy,297,Restaurant
2025-12-14 02:14:46,KFC,251,Restaurant
2025-12-14 09:27:46,McDonalds,389,Restaurant
2025-12-14 16:40:46,DMart,704,Market
2025-12-14 22:53:46,BigBazaar,960,Market
2025-12-15 06:06:46,Reliance,1372,Market
2025-12-15 13:19:46,Blinkit,2093,Market
2025-12-15 20:32:46,Starbucks,3257,Coffee
2025-12-15 03:45:46,CafeCoffeeDay,4604,Coffee
2025-12-15 09:58:46,Barista,60,Coffee
2025-12-15 17:11:46,OlaCabs,129,Transport
2025-12-16 00:24:46,Uber,246,Transport
2025-12-16 07:37:46,IRCTC,345,Transport
2025-12-16 13:50:46,Rapido,688,Transport
2025-12-16 21:03:46,Razorpay,897,Business
2025-12-16 04:16:46,Zoho,1279,Business
2025-12-16 11:29:46,Meesho,1947,Business
2025-12-17 18:42:46,Zomato,3272,Restaurant
2025-12-17 00:55:46,Swiggy,4631,Restaurant
2025-12-17 08:08:46,KFC,128,Restaurant
2025-12-17 15:21:46,McDonalds,286,Restaurant
2025-12-17 22:34:46,DMart,260,Market
2025-12-17 05:47:46,BigBazaar,411,Market
2025-12-18 12:00:46,Reliance,695,Market
2025-12-18 19:13:46,Blinkit,960,Market
2025-12-18 02:26:46,Starbucks,1299,Coffee
2025-12-18 09:39:46,CafeCoffeeDay,2018,Coffee
2025-12-18 15:52:46,Barista,3267,Coffee
2025-12-18 23:05:46,OlaCabs,4568,Transport
2025-12-19 06:18:46,Uber,105,Transport
2025-12-19 13:31:46,IRCTC,111,Transport
2025-12-19 20:44:46,Rapido,361,Transport
2025-12-19 02:57:46,Razorpay,411,Business
2025-12-19 10:10:46,Zoho,540,Business
2025-12-19 17:23:46,Meesho,963,Business
2025-12-20 00:36:46,Zomato,1407,Restaurant
2025-12-20 06:49:46,Swiggy,2095,Restaurant
2025-12-20 14:02:46,KFC,3304,Restaurant
2025-12-20 21:15:46,McDonalds,4709,Restaurant
2025-12-20 04:28:46,DMart,228,Market
2025-12-20 11:41:46,BigBazaar,271,Market
2025-12-21 17:54:46,Reliance,230,Market
2025-12-21 01:07:46,Blinkit,393,Market
2025-12-21 08:20:46,Starbucks,650,Coffee
2025-12-21 15:33:46,CafeCoffeeDay,847,Coffee
2025-12-21 22:46:46,Barista,1440,Coffee
2025-12-21 04:59:46,OlaCabs,2004,Transport
2025-12-22 12:12:46,Uber,3279,Transport
2025-12-22 19:25:46,IRCTC,4600,Transport
2025-12-22 02:38:46,Rapido,209,Transport
2025-12-22 08:51:46,Razorpay,131,Business
2025-12-22 16:04:46,Zoho,364,Business
2025-12-22 23:17:46,Meesho,376,Business
2025-12-23 06:30:46,Zomato,669,Restaurant
2025-12-23 13:43:46,Swiggy,909,Restaurant
2025-12-23 19:56:46,KFC,1440,Restaurant
2025-12-23 03:09:46,McDonalds,2024,Restaurant
2025-12-23 10:22:46,DMart,3203,Market
2025-12-23 17:35:46,BigBazaar,4623,Market
2025-12-23 23:48:46,Reliance,218,Market
2025-12-24 07:01:46,Blinkit,175,Market
2025-12-24 14:14:46,Starbucks,321,Coffee
2025-12-24 21:27:46,CafeCoffeeDay,332,Coffee
2025-12-24 04:40:46,Barista,589,Coffee
2025-12-24 10:53:46,OlaCabs,937,Transport
2025-12-25 18:06:46,Uber,1440,Transport
2025-12-25 01:19:46,IRCTC,2017,Transport
2025-12-25 08:32:46,Rapido,3293,Transport
2025-12-25 15:45:46,Razorpay,4711,Business
2025-12-25 21:58:46,Zoho,84,Business
2025-12-25 05:11:46,Meesho,257,Business
2025-12-26 12:24:46,Zomato,325,Restaurant
2025-12-26 19:37:46,Swiggy,377,Restaurant
2025-12-26 01:50:46,KFC,643,Restaurant
2025-12-26 09:03:46,McDonalds,970,Restaurant
2025-12-26 16:16:46,DMart,1270,Market
2025-12-26 23:29:46,BigBazaar,1997,Market
2025-12-27 06:42:46,Reliance,3193,Market
2025-12-27 12:55:46,Blinkit,4573,Market
2025-12-27 20:08:46,Starbucks,150,Coffee
2025-12-27 03:21:46,CafeCoffeeDay,248,Coffee
2025-12-27 10:34:46,Barista,335,Coffee
2025-12-27 17:47:46,OlaCabs,467,Transport
2025-12-28 00:00:46,Uber,622,Transport
2025-12-28 07:13:46,IRCTC,949,Transport
2025-12-28 14:26:46,Rapido,1383,Transport
2025-12-28 21:39:46,Razorpay,2033,Business
2025-12-28 03:52:46,Zoho,3292,Business
2025-12-28 11:05:46,Meesho,4574,Business
2025-12-29 18:18:46,Zomato,170,Restaurant
2025-12-29 01:31:46,Swiggy,221,Restaurant
2025-12-29 08:44:46,KFC,368,Restaurant
2025-12-29 14:57:46,McDonalds,343,Restaurant
2025-12-29 22:10:46,DMart,708,Market
2025-12-29 05:23:46,BigBazaar,851,Market
2025-12-30 12:36:46,Reliance,1342,Market
2025-12-30 18:49:46,Blinkit,2051,Market
2025-12-30 02:02:46,Starbucks,3289,Coffee
2025-12-30 09:15:46,CafeCoffeeDay,4682,Coffee
2025-12-30 16:28:46,Barista,198,Coffee
2025-12-30 23:41:46,OlaCabs,185,Transport
2025-12-31 05:54:46,Uber,203,Transport
2025-12-31 13:07:46,IRCTC,492,Transport
2025-12-31 20:20:46,Rapido,600,Transport
2025-12-31 03:33:46,Razorpay,1002,Business
2025-12-31 10:46:46,Zoho,1349,Business
2025-12-31 16:59:46,Meesho,1977,Business
2026-01-01 00:12:46,Zomato,3170,Restaurant
2026-01-01 07:25:46,Swiggy,4557,Restaurant
2026-01-01 14:38:46,KFC,60,Restaurant
2026-01-01 20:51:46,McDonalds,111,Restaurant
2026-01-01 04:04:46,DMart,242,Market
2026-01-01 11:17:46,BigBazaar,421,Market
2026-01-02 18:30:46,Reliance,696,Market
2026-01-02 01:43:46,Blinkit,1026,Market
2026-01-02 07:56:46,Starbucks,1288,Coffee
2026-01-02 15:09:46,CafeCoffeeDay,2036,Coffee
2026-01-02 22:22:46,Barista,3226,Coffee
2026-01-02 05:35:46,OlaCabs,4681,Transport
2026-01-03 11:48:46,Uber,187,Transport
2026-01-03 19:01:46,IRCTC,149,Transport
2026-01-03 02:14:46,Rapido,363,Transport
2026-01-03 09:27:46,Razorpay,478,Business
2026-01-03 16:40:46,Zoho,638,Business
2026-01-03 22:53:46,Meesho,956,Business
2026-01-04 06:06:46,Zomato,1372,Restaurant
2026-01-04 13:19:46,Swiggy,1982,Restaurant
2026-01-04 20:32:46,KFC,3157,Restaurant
2026-01-04 03:45:46,McDonalds,4687,Restaurant
2026-01-04 09:58:46,DMart,216,Market
2026-01-04 17:11:46,BigBazaar,101,Market
2026-01-05 00:24:46,Reliance,372,Market
2026-01-05 07:37:46,Blinkit,497,Market
2026-01-05 13:50:46,Starbucks,567,Coffee
2026-01-05 21:03:46,CafeCoffeeDay,1029,Coffee
2026-01-05 04:16:46,Barista,1378,Coffee
2026-01-05 11:29:46,OlaCabs,1976,Transport
2026-01-06 18:42:46,Uber,3165,Transport
2026-01-06 00:55:46,IRCTC,4698,Transport
2026-01-06 08:08:46,Rapido,172,Transport
2026-01-06 15:21:46,Razorpay,218,Business
2026-01-06 22:34:46,Zoho,192,Business
2026-01-06 05:47:46,Meesho,442,Business
2026-01-07 12:00:46,Zomato,603,Restaurant
2026-01-07 19:13:46,Swiggy,861,Restaurant
2026-01-07 02:26:46,KFC,1386,Restaurant
2026-01-07 09:39:46,McDonalds,1954,Restaurant
2026-01-07 15:52:46,DMart,3238,Market
2026-01-07 23:05:46,BigBazaar,4690,Market
2026-01-08 06:18:46,Reliance,175,Market
2026-01-08 13:31:46,Blinkit,243,Market
2026-01-08 20:44:46,Starbucks,332,Coffee
2026-01-08 02:57:46,CafeCoffeeDay,381,Coffee
2026-01-08 10:10:46,Barista,733,Coffee
2026-01-08 17:23:46,OlaCabs,943,Transport
2026-01-09 00:36:46,Uber,1426,Transport
2026-01-09 06:49:46,IRCTC,2104,Transport
2026-01-09 14:02:46,Rapido,3249,Transport
2026-01-09 21:15:46,Razorpay,4629,Business
2026-01-09 04:28:46,Zoho,180,Business
2026-01-09 11:41:46,Meesho,214,Business
2026-01-10 17:54:46,Zomato,220,Restaurant
2026-01-10 01:07:46,Swiggy,490,Restaurant
2026-01-10 08:20:46,KFC,661,Restaurant
2026-01-10 15:33:46,McDonalds,945,Restaurant
2026-01-10 22:46:46,DMart,1336,Market
2026-01-10 04:59:46,BigBazaar,2112,Market
2026-01-11 12:12:46,Reliance,3183,Market
2026-01-11 19:25:46,Blinkit,4683,Market
2026-01-11 02:38:46,Starbucks,110,Coffee
2026-01-11 08:51:46,CafeCoffeeDay,296,Coffee
2026-01-11 16:04:46,Barista,379,Coffee
2026-01-11 23:17:46,OlaCabs,433,Transport
2026-01-12 06:30:46,Uber,664,Transport
2026-01-12 13:43:46,IRCTC,990,Transport
2026-01-12 19:56:46,Rapido,1331,Transport
2026-01-12 03:09:46,Razorpay,1990,Business
2026-01-12 10:22:46,Zoho,3232,Business
2026-01-12 17:35:46,Meesho,4539,Business
2026-01-12 23:48:46,Zomato,222,Restaurant
2026-01-13 07:01:46,Swiggy,173,Restaurant
2026-01-13 14:14:46,KFC,240,Restaurant
2026-01-13 21:27:46,McDonalds,369,Restaurant
2026-01-13 04:40:46,DMart,625,Market
2026-01-13 10:53:46,BigBazaar,911,Market
2026-01-14 18:06:46,Reliance,1408,Market
2026-01-14 01:19:46,Blinkit,1940,Market
2026-01-14 08:32:46,Starbucks,3155,Coffee
2026-01-14 15:45:46,CafeCoffeeDay,4558,Coffee
2026-01-14 21:58:46,Barista,99,Coffee
2026-01-14 05:11:46,OlaCabs,198,Transport
2026-01-15 12:24:46,Uber,357,Transport
2026-01-15 19:37:46,IRCTC,339,Transport
2026-01-15 01:50:46,Rapido,720,Transport
2026-01-15 09:03:46,Razorpay,884,Business
2026-01-15 16:16:46,Zoho,1286,Business
2026-01-15 23:29:46,Meesho,2026,Business
2026-01-16 06:42:46,Zomato,3224,Restaurant
2026-01-16 12:55:46,Swiggy,4604,Restaurant
2026-01-16 20:08:46,KFC,178,Restaurant
2026-01-16 03:21:46,McDonalds,219,Restaurant
2026-01-16 10:34:46,DMart,286,Market
2026-01-16 17:47:46,BigBazaar,315,Market
2026-01-17 00:00:46,Reliance,592,Market
2026-01-17 07:13:46,Blinkit,937,Market
2026-01-17 14:26:46,Starbucks,1369,Coffee
2026-01-17 21:39:46,CafeCoffeeDay,2117,Coffee
2026-01-17 03:52:46,Barista,3269,Coffee
2026-01-17 11:05:46,OlaCabs,4698,Transport
2026-01-18 18:18:46,Uber,60,Transport
2026-01-18 01:31:46,IRCTC,295,Transport
2026-01-18 08:44:46,Rapido,327,Transport
2026-01-18 14:57:46,Razorpay,397,Business
2026-01-18 22:10:46,Zoho,662,Business
2026-01-18 05:23:46,Meesho,831,Business
2026-01-19 12:36:46,Zomato,1360,Restaurant
2026-01-19 18:49:46,Swiggy,1996,Restaurant
2026-01-19 02:02:46,KFC,3312,Restaurant
2026-01-19 09:15:46,McDonalds,4619,Restaurant
2026-01-19 16:28:46,DMart,147,Market
2026-01-19 23:41:46,BigBazaar,237,Market
2026-01-20 05:54:46,Reliance,371,Market
2026-01-20 13:07:46,Blinkit,488,Market
2026-01-20 20:20:46,Starbucks,679,Coffee
2026-01-20 03:33:46,CafeCoffeeDay,984,Coffee
2026-01-20 10:46:46,Barista,1326,Coffee
2026-01-20 16:59:46,OlaCabs,2044,Transport
2026-01-21 00:12:46,Uber,3176,Transport
2026-01-21 07:25:46,IRCTC,4589,Transport
2026-01-21 14:38:46,Rapido,151,Transport
2026-01-21 20:51:46,Razorpay,224,Business
2026-01-21 04:04:46,Zoho,187,Business
2026-01-21 11:17:46,Meesho,399,Business
2026-01-22 18:30:46,Zomato,626,Restaurant
2026-01-22 01:43:46,Swiggy,1001,Restaurant
2026-01-22 07:56:46,KFC,1443,Restaurant
2026-01-22 15:09:46,McDonalds,2023,Restaurant
2026-01-22 22:22:46,DMart,3305,Market
2026-01-22 05:35:46,BigBazaar,4562,Market
2026-01-23 11:48:46,Reliance,159,Market
2026-01-23 19:01:46,Blinkit,132,Market
2026-01-23 02:14:46,Starbucks,339,Coffee
2026-01-23 09:27:46,CafeCoffeeDay,436,Coffee
2026-01-23 16:40:46,Barista,546,Coffee
2026-01-23 22:53:46,OlaCabs,930,Transport
2026-01-24 06:06:46,Uber,1421,Transport
2026-01-24 13:19:46,IRCTC,2064,Transport
2026-01-24 20:32:46,Rapido,3289,Transport
2026-01-24 03:45:46,Razorpay,4526,Business
2026-01-24 09:58:46,Zoho,61,Business
2026-01-24 17:11:46,Meesho,264,Business
2026-01-25 00:24:46,Zomato,289,Restaurant
2026-01-25 07:37:46,Swiggy,334,Restaurant
2026-01-25 13:50:46,KFC,658,Restaurant
2026-01-25 21:03:46,McDonalds,876,Restaurant
2026-01-25 04:16:46,DMart,1282,Market
2026-01-25 11:29:46,BigBazaar,1986,Market
2026-01-26 18:42:46,Reliance,3217,Market
2026-01-26 00:55:46,Blinkit,4603,Market
2026-01-26 08:08:46,Starbucks,94,Coffee
2026-01-26 15:21:46,CafeCoffeeDay,216,Coffee
2026-01-26 22:34:46,Barista,263,Coffee
2026-01-26 05:47:46,OlaCabs,386,Transport
2026-01-27 12:00:46,Uber,734,Transport
2026-01-27 19:13:46,IRCTC,927,Transport
2026-01-27 02:26:46,Rapido,1341,Transport
2026-01-27 09:39:46,Razorpay,2112,Business
2026-01-27 15:52:46,Zoho,3227,Business
2026-01-27 23:05:46,Meesho,4584,Business
2026-01-28 06:18:46,Zomato,60,Restaurant
2026-01-28 13:31:46,Swiggy,220,Restaurant
2026-01-28 20:44:46,KFC,184,Restaurant
2026-01-28 02:57:46,McDonalds,491,Restaurant
2026-01-28 10:10:46,DMart,678,Market
2026-01-28 17:23:46,BigBazaar,843,Market
2026-01-29 00:36:46,Reliance,1359,Market
2026-01-29 06:49:46,Blinkit,1977,Market
2026-01-29 14:02:46,Starbucks,3286,Coffee
2026-01-29 21:15:46,CafeCoffeeDay,4537,Coffee
2026-01-29 04:28:46,Barista,239,Coffee
2026-01-29 11:41:46,OlaCabs,266,Transport
2026-01-30 17:54:46,Uber,190,Transport
2026-01-30 01:07:46,IRCTC,493,Transport
2026-01-30 08:20:46,Rapido,547,Transport
2026-01-30 15:33:46,Razorpay,893,Business
2026-01-30 22:46:46,Zoho,1321,Business
2026-01-30 04:59:46,Meesho,1925,Business
2026-01-31 12:12:46,Zomato,3279,Restaurant
2026-01-31 19:25:46,Swiggy,4559,Restaurant
2026-01-31 02:38:46,KFC,101,Restaurant
2026-01-31 08:51:46,McDonalds,132,Restaurant
2026-01-31 16:04:46,DMart,301,Market
2026-01-31 23:17:46,BigBazaar,471,Market
2026-02-01 06:30:46,Reliance,569,Market
2026-02-01 13:43:46,Blinkit,974,Market
2026-02-01 19:56:46,Starbucks,1325,Coffee
2026-02-01 03:09:46,CafeCoffeeDay,2039,Coffee
2026-02-01 10:22:46,Barista,3299,Coffee
2026-02-01 17:35:46,OlaCabs,4585,Transport
2026-02-01 23:48:46,Uber,236,Transport
2026-02-02 07:01:46,IRCTC,194,Transport
2026-02-02 14:14:46,Rapido,222,Transport
2026-02-02 21:27:46,Razorpay,455,Business
2026-02-02 04:40:46,Zoho,695,Business
2026-02-02 10:53:46,Meesho,1021,Business
2026-02-03 18:06:46,Zomato,1453,Restaurant
2026-02-03 01:19:46,Swiggy,1949,Restaurant
2026-02-03 08:32:46,KFC,3319,Restaurant
2026-02-03 15:45:46,McDonalds,4561,Restaurant
2026-02-03 21:58:46,DMart,119,Market
2026-02-03 05:11:46,BigBazaar,127,Market
2026-02-04 12:24:46,Reliance,328,Market
2026-02-04 19:37:46,Blinkit,306,Market
2026-02-04 01:50:46,Starbucks,619,Coffee
2026-02-04 09:03:46,CafeCoffeeDay,977,Coffee
2026-02-04 16:16:46,Barista,1443,Coffee
2026-02-04 23:29:46,OlaCabs,2016,Transport
2026-02-05 06:42:46,Uber,3221,Transport
2026-02-05 12:55:46,IRCTC,4703,Transport
2026-02-05 20:08:46,Rapido,90,Transport
2026-02-05 03:21:46,Razorpay,119,Business
2026-02-05 10:34:46,Zoho,331,Business
2026-02-05 17:47:46,Meesho,476,Business
2026-02-06 00:00:46,Zomato,700,Restaurant
2026-02-06 07:13:46,Swiggy,892,Restaurant
2026-02-06 14:26:46,KFC,1296,Restaurant
2026-02-06 21:39:46,McDonalds,2098,Restaurant
2026-02-06 03:52:46,DMart,3317,Market
2026-02-06 11:05:46,BigBazaar,4597,Market
2026-02-07 18:18:46,Reliance,215,Market
2026-02-07 01:31:46,Blinkit,253,Market
2026-02-07 08:44:46,Starbucks,210,Coffee
2026-02-07 14:57:46,CafeCoffeeDay,444,Coffee
2026-02-07 22:10:46,Barista,740,Coffee
2026-02-07 05:23:46,OlaCabs,840,Transport
2026-02-08 12:36:46,Uber,1358,Transport
2026-02-08 18:49:46,IRCTC,2056,Transport
2026-02-08 02:02:46,Rapido,3229,Transport
2026-02-08 09:15:46,Razorpay,4689,Business
2026-02-08 16:28:46,Zoho,134,Business
2026-02-08 23:41:46,Meesho,117,Business
2026-02-09 05:54:46,Zomato,309,Restaurant
2026-02-09 13:07:46,Swiggy,465,Restaurant
2026-02-09 20:20:46,KFC,627,Restaurant
2026-02-09 03:33:46,McDonalds,833,Restaurant
2026-02-09 10:46:46,DMart,1377,Market
2026-02-09 16:59:46,BigBazaar,2045,Market
2026-02-10 00:12:46,Reliance,3147,Market
2026-02-10 07:25:46,Blinkit,4630,Market
2026-02-10 14:38:46,Starbucks,132,Coffee
2026-02-10 20:51:46,CafeCoffeeDay,262,Coffee
2026-02-10 04:04:46,Barista,297,Coffee
2026-02-10 11:17:46,OlaCabs,481,Transport
2026-02-11 18:30:46,Uber,579,Transport
2026-02-11 01:43:46,IRCTC,941,Transport
2026-02-11 07:56:46,Rapido,1315,Transport
2026-02-11 15:09:46,Razorpay,2107,Business
2026-02-11 22:22:46,Zoho,3253,Business
2026-02-11 05:35:46,Meesho,4686,Business
2026-02-12 11:48:46,Zomato,109,Restaurant
2026-02-12 19:01:46,Swiggy,257,Restaurant
2026-02-12 02:14:46,KFC,317,Restaurant
2026-02-12 09:27:46,McDonalds,498,Restaurant
2026-02-12 16:40:46,DMart,663,Market
2026-02-12 22:53:46,BigBazaar,949,Market
2026-02-13 06:06:46,Reliance,1381,Market
2026-02-13 13:19:46,Blinkit,2107,Market
2026-02-13 20:32:46,Starbucks,3271,Coffee
2026-02-13 03:45:46,CafeCoffeeDay,4588,Coffee
2026-02-13 09:58:46,Barista,122,Coffee
2026-02-13 17:11:46,OlaCabs,162,Transport
2026-02-14 00:24:46,Uber,202,Transport
2026-02-14 07:37:46,IRCTC,371,Transport
2026-02-14 13:50:46,Rapido,655,Transport
2026-02-14 21:03:46,Razorpay,892,Business
2026-02-14 04:16:46,Zoho,1462,Business
2026-02-14 11:29:46,Meesho,2038,Business
2026-02-15 18:42:46,Zomato,3265,Restaurant
2026-02-15 00:55:46,Swiggy,4676,Restaurant
2026-02-15 08:08:46,KFC,211,Restaurant
2026-02-15 15:21:46,McDonalds,197,Restaurant
2026-02-15 22:34:46,DMart,266,Market
2026-02-15 05:47:46,BigBazaar,307,Market
2026-02-16 12:00:46,Reliance,666,Market
2026-02-16 19:13:46,Blinkit,913,Market
2026-02-16 02:26:46,Starbucks,1316,Coffee
2026-02-16 09:39:46,CafeCoffeeDay,2044,Coffee
2026-02-16 15:52:46,Barista,3174,Coffee
2026-02-16 23:05:46,OlaCabs,4610,Transport
2026-02-17 06:18:46,Uber,106,Transport
2026-02-17 13:31:46,IRCTC,187,Transport
2026-02-17 20:44:46,Rapido,251,Transport
2026-02-17 02:57:46,Razorpay,452,Business
2026-02-17 10:10:46,Zoho,719,Business
2026-02-17 17:23:46,Meesho,900,Business
2026-02-18 00:36:46,Zomato,1412,Restaurant
2026-02-18 06:49:46,Swiggy,1922,Restaurant
2026-02-18 14:02:46,KFC,3252,Restaurant
2026-02-18 21:15:46,McDonalds,4568,Restaurant
2026-02-18 04:28:46,DMart,61,Market
2026-02-18 11:41:46,BigBazaar,161,Market
2026-02-19 17:54:46,Reliance,364,Market
2026-02-19 01:07:46,Blinkit,404,Market
2026-02-19 08:20:46,Starbucks,665,Coffee
2026-02-19 15:33:46,CafeCoffeeDay,972,Coffee
2026-02-19 22:46:46,Barista,1464,Coffee
2026-02-19 04:59:46,OlaCabs,1981,Transport
2026-02-20 12:12:46,Uber,3296,Transport
2026-02-20 19:25:46,IRCTC,4641,Transport
2026-02-20 02:38:46,Rapido,205,Transport
2026-02-20 08:51:46,Razorpay,282,Business
2026-02-20 16:04:46,Zoho,305,Business
2026-02-20 23:17:46,Meesho,414,Business
2026-02-21 06:30:46,Zomato,544,Restaurant
2026-02-21 13:43:46,Swiggy,853,Restaurant
2026-02-21 19:56:46,KFC,1345,Restaurant
2026-02-21 03:09:46,McDonalds,1976,Restaurant
2026-02-21 10:22:46,DMart,3223,Market
2026-02-21 17:35:46,BigBazaar,4697,Market
2026-02-21 23:48:46,Reliance,102,Market
2026-02-22 07:01:46,Blinkit,178,Market
2026-02-22 14:14:46,Starbucks,349,Coffee
2026-02-22 21:27:46,CafeCoffeeDay,448,Coffee
2026-02-22 04:40:46,Barista,634,Coffee
2026-02-22 10:53:46,OlaCabs,951,Transport
2026-02-23 18:06:46,Uber,1411,Transport
2026-02-23 01:19:46,IRCTC,2055,Transport
2026-02-23 08:32:46,Rapido,3208,Transport
2026-02-23 15:45:46,Razorpay,4628,Business
2026-02-23 21:58:46,Zoho,230,Business
2026-02-23 05:11:46,Meesho,240,Business
2026-02-24 12:24:46,Zomato,264,Restaurant
2026-02-24 19:37:46,Swiggy,390,Restaurant
2026-02-24 01:50:46,KFC,719,Restaurant
2026-02-24 09:03:46,McDonalds,946,Restaurant
2026-02-24 16:16:46,DMart,1339,Market
2026-02-24 23:29:46,BigBazaar,1998,Market
2026-02-25 06:42:46,Reliance,3184,Market
2026-02-25 12:55:46,Blinkit,4579,Market
2026-02-25 20:08:46,Starbucks,70,Coffee
2026-02-25 03:21:46,CafeCoffeeDay,284,Coffee
2026-02-25 10:34:46,Barista,229,Coffee
2026-02-25 17:47:46,OlaCabs,380,Transport
2026-02-26 00:00:46,Uber,570,Transport
2026-02-26 07:13:46,IRCTC,1020,Transport
2026-02-26 14:26:46,Rapido,1407,Transport
2026-02-26 21:39:46,Razorpay,2115,Business
2026-02-26 03:52:46,Zoho,3296,Business
2026-02-26 11:05:46,Meesho,4567,Business
2026-02-27 18:18:46,Zomato,89,Restaurant
2026-02-27 01:31:46,Swiggy,155,Restaurant
2026-02-27 08:44:46,KFC,369,Restaurant
2026-02-27 14:57:46,McDonalds,423,Restaurant
2026-02-27 22:10:46,DMart,610,Market
2026-02-27 05:23:46,BigBazaar,1015,Market
2026-02-28 12:36:46,Reliance,1420,Market
2026-02-28 18:49:46,Blinkit,2114,Market
2026-02-28 02:02:46,Starbucks,3254,Coffee
2026-02-28 09:15:46,CafeCoffeeDay,4672,Coffee
2026-02-28 16:28:46,Barista,112,Coffee
2026-02-28 23:41:46,OlaCabs,125,Transport
2026-03-01 05:54:46,Uber,229,Transport
2026-03-01 13:07:46,IRCTC,375,Transport
2026-03-01 20:20:46,Rapido,598,Transport
2026-03-01 03:33:46,Razorpay,922,Business
2026-03-01 10:46:46,Zoho,1315,Business
2026-03-01 16:59:46,Meesho,1997,Business
2026-03-02 00:12:46,Zomato,3123,Restaurant
2026-03-02 07:25:46,Swiggy,4701,Restaurant
2026-03-02 14:38:46,KFC,176,Restaurant
2026-03-02 20:51:46,McDonalds,132,Restaurant
2026-03-02 04:04:46,DMart,250,Market
2026-03-02 11:17:46,BigBazaar,311,Market
2026-03-03 18:30:46,Reliance,553,Market
2026-03-03 01:43:46,Blinkit,971,Market
2026-03-03 07:56:46,Starbucks,1344,Coffee
2026-03-03 15:09:46,CafeCoffeeDay,2098,Coffee
2026-03-03 22:22:46,Barista,3152,Coffee
2026-03-03 05:35:46,OlaCabs,4683,Transport
2026-03-04 11:48:46,Uber,232,Transport
2026-03-04 19:01:46,IRCTC,225,Transport
2026-03-04 02:14:46,Rapido,206,Transport
2026-03-04 09:27:46,Razorpay,303,Business
2026-03-04 16:40:46,Zoho,686,Business
2026-03-04 22:53:46,Meesho,902,Business
2026-03-05 06:06:46,Zomato,1390,Restaurant
2026-03-05 13:19:46,Swiggy,2042,Restaurant
2026-03-05 20:32:46,KFC,3232,Restaurant
2026-03-05 03:45:46,McDonalds,4607,Restaurant
2026-03-05 09:58:46,DMart,87,Market
2026-03-05 17:11:46,BigBazaar,113,Market
2026-03-06 00:24:46,Reliance,244,Market
2026-03-06 07:37:46,Blinkit,422,Market
2026-03-06 13:50:46,Starbucks,569,Coffee
2026-03-06 21:03:46,CafeCoffeeDay,846,Coffee
2026-03-06 04:16:46,Barista,1372,Coffee
2026-03-06 11:29:46,OlaCabs,2045,Transport
2026-03-07 18:42:46,Uber,3138,Transport
2026-03-07 00:55:46,IRCTC,4667,Transport
2026-03-07 08:08:46,Rapido,201,Transport
2026-03-07 15:21:46,Razorpay,275,Business
2026-03-07 22:34:46,Zoho,193,Business
2026-03-07 05:47:46,Meesho,338,Business
2026-03-08 12:00:46,Zomato,578,Restaurant
2026-03-08 19:13:46,Swiggy,974,Restaurant
2026-03-08 02:26:46,KFC,1347,Restaurant
2026-03-08 09:39:46,McDonalds,1941,Restaurant
2026-03-08 15:52:46,DMart,3183,Market
2026-03-08 23:05:46,BigBazaar,4550,Market
2026-03-09 06:18:46,Reliance,182,Market
2026-03-09 13:31:46,Blinkit,295,Market
2026-03-09 20:44:46,Starbucks,286,Coffee
2026-03-09 02:57:46,CafeCoffeeDay,455,Coffee
2026-03-09 10:10:46,Barista,692,Coffee
2026-03-09 17:23:46,OlaCabs,988,Transport
2026-03-10 00:36:46,Uber,1327,Transport
2026-03-10 06:49:46,IRCTC,2118,Transport
2026-03-10 14:02:46,Rapido,3253,Transport
2026-03-10 21:15:46,Razorpay,4617,Business
2026-03-10 04:28:46,Zoho,155,Business
2026-03-10 11:41:46,Meesho,213,Business
2026-03-11 17:54:46,Zomato,256,Restaurant
2026-03-11 01:07:46,Swiggy,450,Restaurant
2026-03-11 08:20:46,KFC,649,Restaurant
2026-03-11 15:33:46,McDonalds,908,Restaurant
2026-03-11 22:46:46,DMart,1415,Market
2026-03-11 04:59:46,BigBazaar,2078,Market
2026-03-12 12:12:46,Reliance,3135,Market
2026-03-12 19:25:46,Blinkit,4676,Market
2026-03-12 02:38:46,Starbucks,229,Coffee
2026-03-12 08:51:46,CafeCoffeeDay,125,Coffee
2026-03-12 16:04:46,Barista,375,Coffee
2026-03-12 23:17:46,OlaCabs,353,Transport
2026-03-13 06:30:46,Uber,700,Transport
2026-03-13 13:43:46,IRCTC,884,Transport
2026-03-13 19:56:46,Rapido,1337,Transport
2026-03-13 03:09:46,Razorpay,2089,Business
2026-03-13 10:22:46,Zoho,3140,Business
2026-03-13 17:35:46,Meesho,4560,Business
2026-03-13 23:48:46,Zomato,101,Restaurant
2026-03-14 07:01:46,Swiggy,144,Restaurant
2026-03-14 14:14:46,KFC,321,Restaurant
2026-03-14 21:27:46,McDonalds,319,Restaurant
2026-03-14 04:40:46,DMart,580,Market
2026-03-14 10:53:46,BigBazaar,830,Market
2026-03-15 18:06:46,Reliance,1374,Market
2026-03-15 01:19:46,Blinkit,2035,Market
2026-03-15 08:32:46,Starbucks,3296,Coffee
2026-03-15 15:45:46,CafeCoffeeDay,4672,Coffee
2026-03-15 21:58:46,Barista,160,Coffee
2026-03-15 05:11:46,OlaCabs,174,Transport
2026-03-16 12:24:46,Uber,188,Transport
2026-03-16 19:37:46,IRCTC,359,Transport
2026-03-16 01:50:46,Rapido,613,Transport
2026-03-16 09:03:46,Razorpay,1010,Business
2026-03-16 16:16:46,Zoho,1342,Business
2026-03-16 23:29:46,Meesho,2099,Business
2026-03-17 06:42:46,Zomato,3236,Restaurant
2026-03-17 12:55:46,Swiggy,4538,Restaurant
2026-03-17 20:08:46,KFC,215,Restaurant
2026-03-17 03:21:46,McDonalds,159,Restaurant
2026-03-17 10:34:46,DMart,247,Market
2026-03-17 17:47:46,BigBazaar,460,Market
2026-03-18 00:00:46,Reliance,690,Market
2026-03-18 07:13:46,Blinkit,999,Market
2026-03-18 14:26:46,Starbucks,1320,Coffee
2026-03-18 21:39:46,CafeCoffeeDay,2028,Coffee
2026-03-18 03:52:46,Barista,3149,Coffee
2026-03-18 11:05:46,OlaCabs,4659,Transport
2026-03-19 18:18:46,Uber,97,Transport
2026-03-19 01:31:46,IRCTC,265,Transport
2026-03-19 08:44:46,Rapido,218,Transport
2026-03-19 14:57:46,Razorpay,368,Business
2026-03-19 22:10:46,Zoho,576,Business
2026-03-19 05:23:46,Meesho,848,Business
2026-03-20 12:36:46,Zomato,1285,Restaurant
2026-03-20 18:49:46,Swiggy,1962,Restaurant
2026-03-20 02:02:46,KFC,3198,Restaurant
2026-03-20 09:15:46,McDonalds,4672,Restaurant
2026-03-20 16:28:46,DMart,231,Market
2026-03-20 23:41:46,BigBazaar,245,Market
2026-03-21 05:54:46,Reliance,253,Market
2026-03-21 13:07:46,Blinkit,412,Market
2026-03-21 20:20:46,Starbucks,571,Coffee
2026-03-21 03:33:46,CafeCoffeeDay,949,Coffee
2026-03-21 10:46:46,Barista,1446,Coffee
2026-03-21 16:59:46,OlaCabs,1997,Transport
2026-03-22 00:12:46,Uber,3299,Transport
2026-03-22 07:25:46,IRCTC,4623,Transport
2026-03-22 14:38:46,Rapido,109,Transport
2026-03-22 20:51:46,Razorpay,228,Business
2026-03-22 04:04:46,Zoho,318,Business
2026-03-22 11:17:46,Meesho,426,Business
2026-03-23 18:30:46,Zomato,652,Restaurant
2026-03-23 01:43:46,Swiggy,850,Restaurant
2026-03-23 07:56:46,KFC,1423,Restaurant
2026-03-23 15:09:46,McDonalds,1930,Restaurant
2026-03-23 22:22:46,DMart,3230,Market
2026-03-23 05:35:46,BigBazaar,4708,Market
2026-03-24 11:48:46,Reliance,122,Market
2026-03-24 19:01:46,Blinkit,254,Market
2026-03-24 02:14:46,Starbucks,244,Coffee
2026-03-24 09:27:46,CafeCoffeeDay,306,Coffee
2026-03-24 16:40:46,Barista,563,Coffee
2026-03-24 22:53:46,OlaCabs,888,Transport
2026-03-25 06:06:46,Uber,1442,Transport
2026-03-25 13:19:46,IRCTC,2067,Transport
2026-03-25 20:32:46,Rapido,3270,Transport
2026-03-25 03:45:46,Razorpay,4525,Business
2026-03-25 09:58:46,Zoho,235,Business
2026-03-25 17:11:46,Meesho,272,Business
2026-03-26 00:24:46,Zomato,248,Restaurant
2026-03-26 07:37:46,Swiggy,447,Restaurant
2026-03-26 13:50:46,KFC,550,Restaurant
2026-03-26 21:03:46,McDonalds,1025,Restaurant
2026-03-26 04:16:46,DMart,1463,Market
2026-03-26 11:29:46,BigBazaar,1964,Market
2026-03-27 18:42:46,Reliance,3240,Market
2026-03-27 00:55:46,Blinkit,4652,Market
2026-03-27 08:08:46,Starbucks,206,Coffee
2026-03-27 15:21:46,CafeCoffeeDay,213,Coffee
2026-03-27 22:34:46,Barista,251,Coffee
2026-03-27 05:47:46,OlaCabs,346,Transport
2026-03-28 12:00:46,Uber,689,Transport
2026-03-28 19:13:46,IRCTC,941,Transport
2026-03-28 02:26:46,Rapido,1432,Transport
2026-03-28 09:39:46,Razorpay,2045,Business
2026-03-28 15:52:46,Zoho,3143,Business
2026-03-28 23:05:46,Meesho,4640,Business
2026-03-29 06:18:46,Zomato,129,Restaurant
2026-03-29 13:31:46,Swiggy,204,Restaurant
2026-03-29 20:44:46,KFC,265,Restaurant
2026-03-29 02:57:46,McDonalds,382,Restaurant
2026-03-29 10:10:46,DMart,711,Market
2026-03-29 17:23:46,BigBazaar,856,Market
2026-03-30 00:36:46,Reliance,1311,Market
2026-03-30 06:49:46,Blinkit,2004,Market
2026-03-30 14:02:46,Starbucks,3225,Coffee
2026-03-30 21:15:46,CafeCoffeeDay,4697,Coffee
2026-03-30 04:28:46,Barista,166,Coffee
2026-03-30 11:41:46,OlaCabs,173,Transport
2026-03-31 17:54:46,Uber,349,Transport
2026-03-31 01:07:46,IRCTC,402,Transport
2026-03-31 08:20:46,Rapido,734,Transport
2026-03-31 15:33:46,Razorpay,970,Business
2026-03-31 22:46:46,Zoho,1279,Business
2026-03-31 04:59:46,Meesho,2036,Business
2026-04-01 12:12:46,Zomato,3142,Restaurant
2026-04-01 19:25:46,Swiggy,4600,Restaurant
2026-04-01 02:38:46,KFC,104,Restaurant
2026-04-01 08:51:46,McDonalds,182,Restaurant
2026-04-01 16:04:46,DMart,209,Market
2026-04-01 23:17:46,BigBazaar,497,Market
2026-04-02 06:30:46,Reliance,643,Market
2026-04-02 13:43:46,Blinkit,961,Market
2026-04-02 19:56:46,Starbucks,1270,Coffee
2026-04-02 03:09:46,CafeCoffeeDay,2088,Coffee
2026-04-02 10:22:46,Barista,3258,Coffee
2026-04-02 17:35:46,OlaCabs,4638,Transport
2026-04-02 23:48:46,Uber,145,Transport
2026-04-03 07:01:46,IRCTC,113,Transport
2026-04-03 14:14:46,Rapido,228,Transport
2026-04-03 21:27:46,Razorpay,432,Business
2026-04-03 04:40:46,Zoho,632,Business
2026-04-03 10:53:46,Meesho,989,Business
2026-04-04 18:06:46,Zomato,1463,Restaurant
2026-04-04 01:19:46,Swiggy,2047,Restaurant
2026-04-04 08:32:46,KFC,3280,Restaurant
2026-04-04 15:45:46,McDonalds,4633,Restaurant
2026-04-04 21:58:46,DMart,234,Market
2026-04-04 05:11:46,BigBazaar,113,Market
2026-04-05 12:24:46,Reliance,232,Market
2026-04-05 19:37:46,Blinkit,368,Market
2026-04-05 01:50:46,Starbucks,680,Coffee
2026-04-05 09:03:46,CafeCoffeeDay,863,Coffee
2026-04-05 16:16:46,Barista,1343,Coffee
2026-04-05 23:29:46,OlaCabs,2032,Transport
2026-04-06 06:42:46,Uber,3298,Transport
2026-04-06 12:55:46,IRCTC,4644,Transport
2026-04-06 20:08:46,Rapido,71,Transport
2026-04-06 03:21:46,Razorpay,107,Business
2026-04-06 10:34:46,Zoho,341,Business
2026-04-06 17:47:46,Meesho,455,Business
2026-04-07 00:00:46,Zomato,601,Restaurant
2026-04-07 07:13:46,Swiggy,1011,Restaurant
2026-04-07 14:26:46,KFC,1310,Restaurant
2026-04-07 21:39:46,McDonalds,1999,Restaurant
2026-04-07 03:52:46,DMart,3261,Market
2026-04-07 11:05:46,BigBazaar,4523,Market
2026-04-08 18:18:46,Reliance,181,Market
2026-04-08 01:31:46,Blinkit,204,Market
2026-04-08 08:44:46,Starbucks,203,Coffee
2026-04-08 14:57:46,CafeCoffeeDay,357,Coffee
2026-04-08 22:10:46,Barista,569,Coffee
2026-04-08 05:23:46,OlaCabs,948,Transport
2026-04-09 12:36:46,Uber,1300,Transport
2026-04-09 18:49:46,IRCTC,2085,Transport
2026-04-09 02:02:46,Rapido,3159,Transport
2026-04-09 09:15:46,Razorpay,4647,Business
2026-04-09 16:28:46,Zoho,223,Business
2026-04-09 23:41:46,Meesho,174,Business
2026-04-10 05:54:46,Zomato,310,Restaurant
2026-04-10 13:07:46,Swiggy,480,Restaurant
2026-04-10 20:20:46,KFC,609,Restaurant
2026-04-10 03:33:46,McDonalds,936,Restaurant
2026-04-10 10:46:46,DMart,1393,Market
2026-04-10 16:59:46,BigBazaar,2040,Market
2026-04-11 00:12:46,Reliance,3182,Market
2026-04-11 07:25:46,Blinkit,4636,Market
2026-04-11 14:38:46,Starbucks,181,Coffee
2026-04-11 20:51:46,CafeCoffeeDay,137,Coffee
2026-04-11 04:04:46,Barista,278,Coffee
2026-04-11 11:17:46,OlaCabs,348,Transport
2026-04-12 18:30:46,Uber,693,Transport
2026-04-12 01:43:46,IRCTC,960,Transport
2026-04-12 07:56:46,Rapido,1461,Transport
2026-04-12 15:09:46,Razorpay,1954,Business
2026-04-12 22:22:46,Zoho,3137,Business
2026-04-12 05:35:46,Meesho,4590,Business
2026-04-13 11:48:46,Zomato,237,Restaurant
2026-04-13 19:01:46,Swiggy,206,Restaurant
2026-04-13 02:14:46,KFC,267,Restaurant
2026-04-13 09:27:46,McDonalds,429,Restaurant
2026-04-13 16:40:46,DMart,608,Market
2026-04-13 22:53:46,BigBazaar,830,Market
2026-04-14 06:06:46,Reliance,1342,Market
2026-04-14 13:19:46,Blinkit,2105,Market
2026-04-14 20:32:46,Starbucks,3196,Coffee
2026-04-14 03:45:46,CafeCoffeeDay,4670,Coffee
2026-04-14 09:58:46,Barista,188,Coffee
2026-04-14 17:11:46,OlaCabs,268,Transport
2026-04-15 00:24:46,Uber,305,Transport
2026-04-15 07:37:46,IRCTC,338,Transport
2026-04-15 13:50:46,Rapido,654,Transport
2026-04-15 21:03:46,Razorpay,967,Business
2026-04-15 04:16:46,Zoho,1393,Business
2026-04-15 11:29:46,Meesho,2008,Business
2026-04-16 18:42:46,Zomato,3205,Restaurant
2026-04-16 00:55:46,Swiggy,4661,Restaurant
2026-04-16 08:08:46,KFC,235,Restaurant
2026-04-16 15:21:46,McDonalds,239,Restaurant
2026-04-16 22:34:46,DMart,276,Market
2026-04-16 05:47:46,BigBazaar,416,Market
2026-04-17 12:00:46,Reliance,622,Market
2026-04-17 19:13:46,Blinkit,878,Market
2026-04-17 02:26:46,Starbucks,1448,Coffee
2026-04-17 09:39:46,CafeCoffeeDay,1981,Coffee
2026-04-17 15:52:46,Barista,3266,Coffee
2026-04-17 23:05:46,OlaCabs,4618,Transport
2026-04-18 06:18:46,Uber,99,Transport
2026-04-18 13:31:46,IRCTC,298,Transport
2026-04-18 20:44:46,Rapido,285,Transport
2026-04-18 02:57:46,Razorpay,311,Business
2026-04-18 10:10:46,Zoho,621,Business
2026-04-18 17:23:46,Meesho,1020,Business
2026-04-19 00:36:46,Zomato,1391,Restaurant
2026-04-19 06:49:46,Swiggy,2100,Restaurant
2026-04-19 14:02:46,KFC,3217,Restaurant
2026-04-19 21:15:46,McDonalds,4618,Restaurant
2026-04-19 04:28:46,DMart,209,Market
2026-04-19 11:41:46,BigBazaar,266,Market
2026-04-20 17:54:46,Reliance,218,Market
2026-04-20 01:07:46,Blinkit,426,Market
2026-04-20 08:20:46,Starbucks,549,Coffee
2026-04-20 15:33:46,CafeCoffeeDay,862,Coffee
2026-04-20 22:46:46,Barista,1398,Coffee
2026-04-20 04:59:46,OlaCabs,2071,Transport
2026-04-21 12:12:46,Uber,3204,Transport
2026-04-21 19:25:46,IRCTC,4545,Transport
2026-04-21 02:38:46,Rapido,152,Transport
2026-04-21 08:51:46,Razorpay,125,Business
2026-04-21 16:04:46,Zoho,314,Business
2026-04-21 23:17:46,Meesho,416,Business
2026-04-22 06:30:46,Zomato,543,Restaurant
2026-04-22 13:43:46,Swiggy,1014,Restaurant
2026-04-22 19:56:46,KFC,1306,Restaurant
2026-04-22 03:09:46,McDonalds,2024,Restaurant
2026-04-22 10:22:46,DMart,3287,Market
2026-04-22 17:35:46,BigBazaar,4559,Market
2026-04-22 23:48:46,Reliance,60,Market
2026-04-23 07:01:46,Blinkit,220,Market
2026-04-23 14:14:46,Starbucks,380,Coffee
2026-04-23 21:27:46,CafeCoffeeDay,367,Coffee
2026-04-23 04:40:46,Barista,626,Coffee
2026-04-23 10:53:46,OlaCabs,989,Transport
2026-04-24 18:06:46,Uber,1447,Transport
2026-04-24 01:19:46,IRCTC,2021,Transport
2026-04-24 08:32:46,Rapido,3286,Transport
2026-04-24 15:45:46,Razorpay,4540,Business
2026-04-24 21:58:46,Zoho,124,Business
2026-04-24 05:11:46,Meesho,272,Business
2026-04-25 12:24:46,Zomato,316,Restaurant
2026-04-25 19:37:46,Swiggy,397,Restaurant
2026-04-25 01:50:46,KFC,621,Restaurant
2026-04-25 09:03:46,McDonalds,990,Restaurant
2026-04-25 16:16:46,DMart,1453,Market
2026-04-25 23:29:46,BigBazaar,2114,Market
2026-04-26 06:42:46,Reliance,3244,Market
2026-04-26 12:55:46,Blinkit,4658,Market
2026-04-26 20:08:46,Starbucks,60,Coffee
2026-04-26 03:21:46,CafeCoffeeDay,258,Coffee
2026-04-26 10:34:46,Barista,197,Coffee
2026-04-26 17:47:46,OlaCabs,360,Transport
2026-04-27 00:00:46,Uber,701,Transport
2026-04-27 07:13:46,IRCTC,1005,Transport
2026-04-27 14:26:46,Rapido,1343,Transport
2026-04-27 21:39:46,Razorpay,1978,Business
2026-04-27 03:52:46,Zoho,3311,Business
2026-04-27 11:05:46,Meesho,4543,Business
2026-04-28 18:18:46,Zomato,151,Restaurant
2026-04-28 01:31:46,Swiggy,125,Restaurant
2026-04-28 08:44:46,KFC,374,Restaurant
2026-04-28 14:57:46,McDonalds,462,Restaurant
2026-04-28 22:10:46,DMart,720,Market
2026-04-28 05:23:46,BigBazaar,855,Market
2026-04-29 12:36:46,Reliance,1383,Market
2026-04-29 18:49:46,Blinkit,1962,Market
2026-04-29 02:02:46,Starbucks,3297,Coffee
2026-04-29 09:15:46,CafeCoffeeDay,4596,Coffee
2026-04-29 16:28:46,Barista,60,Coffee
2026-04-29 23:41:46,OlaCabs,111,Transport
2026-04-30 05:54:46,Uber,263,Transport
2026-04-30 13:07:46,IRCTC,314,Transport
2026-04-30 20:20:46,Rapido,615,Transport
2026-04-30 03:33:46,Razorpay,921,Business
2026-04-30 10:46:46,Zoho,1365,Business
2026-04-30 16:59:46,Meesho,2030,Business
2026-05-01 00:12:46,Zomato,3157,Restaurant
2026-05-01 07:25:46,Swiggy,4582,Restaurant
2026-05-01 14:38:46,KFC,175,Restaurant
2026-05-01 20:51:46,McDonalds,205,Restaurant
2026-05-01 04:04:46,DMart,324,Market
2026-05-01 11:17:46,BigBazaar,474,Market
2026-05-02 18:30:46,Reliance,586,Market
2026-05-02 01:43:46,Blinkit,873,Market
2026-05-02 07:56:46,Starbucks,1314,Coffee
2026-05-02 15:09:46,CafeCoffeeDay,1940,Coffee
2026-05-02 22:22:46,Barista,3276,Coffee
2026-05-02 05:35:46,OlaCabs,4617,Transport
2026-05-03 11:48:46,Uber,198,Transport
2026-05-03 19:01:46,IRCTC,274,Transport
2026-05-03 02:14:46,Rapido,241,Transport
2026-05-03 09:27:46,Razorpay,427,Business
2026-05-03 16:40:46,Zoho,689,Business
2026-05-03 22:53:46,Meesho,866,Business
2026-05-04 06:06:46,Zomato,1329,Restaurant
2026-05-04 13:19:46,Swiggy,2038,Restaurant
2026-05-04 20:32:46,KFC,3283,Restaurant
2026-05-04 03:45:46,McDonalds,4585,Restaurant
2026-05-04 09:58:46,DMart,157,Market
2026-05-04 17:11:46,BigBazaar,165,Market
2026-05-05 00:24:46,Reliance,350,Market
2026-05-05 07:37:46,Blinkit,302,Market
2026-05-05 13:50:46,Starbucks,659,Coffee
2026-05-05 21:03:46,CafeCoffeeDay,903,Coffee
2026-05-05 04:16:46,Barista,1443,Coffee
2026-05-05 11:29:46,OlaCabs,2059,Transport
2026-05-06 18:42:46,Uber,3160,Transport
2026-05-06 00:55:46,IRCTC,4538,Transport
2026-05-06 08:08:46,Rapido,153,Transport
2026-05-06 15:21:46,Razorpay,188,Business
2026-05-06 22:34:46,Zoho,330,Business
2026-05-06 05:47:46,Meesho,376,Business
2026-05-07 12:00:46,Zomato,703,Restaurant
2026-05-07 19:13:46,Swiggy,938,Restaurant
2026-05-07 02:26:46,KFC,1446,Restaurant
2026-05-07 09:39:46,McDonalds,1984,Restaurant
2026-05-07 15:52:46,DMart,3236,Market
2026-05-07 23:05:46,BigBazaar,4597,Market
2026-05-08 06:18:46,Reliance,90,Market
2026-05-08 13:31:46,Blinkit,198,Market
2026-05-08 20:44:46,Starbucks,303,Coffee
2026-05-08 02:57:46,CafeCoffeeDay,327,Coffee
2026-05-08 10:10:46,Barista,600,Coffee
2026-05-08 17:23:46,OlaCabs,927,Transport
2026-05-09 00:36:46,Uber,1416,Transport
2026-05-09 06:49:46,IRCTC,2011,Transport
2026-05-09 14:02:46,Rapido,3267,Transport
2026-05-09 21:15:46,Razorpay,4595,Business
2026-05-09 04:28:46,Zoho,219,Business
2026-05-09 11:41:46,Meesho,175,Business
2026-05-10 17:54:46,Zomato,185,Restaurant
2026-05-10 01:07:46,Swiggy,468,Restaurant
2026-05-10 08:20:46,KFC,641,Restaurant
2026-05-10 15:33:46,McDonalds,900,Restaurant
2026-05-10 22:46:46,DMart,1272,Market
2026-05-10 04:59:46,BigBazaar,2064,Market
2026-05-11 12:12:46,Reliance,3295,Market
2026-05-11 19:25:46,Blinkit,4719,Market
2026-05-11 02:38:46,Starbucks,230,Coffee
2026-05-11 08:51:46,CafeCoffeeDay,112,Coffee
2026-05-11 16:04:46,Barista,335,Coffee
2026-05-11 23:17:46,OlaCabs,490,Transport
2026-05-12 06:30:46,Uber,667,Transport
2026-05-12 13:43:46,IRCTC,903,Transport
2026-05-12 19:56:46,Rapido,1468,Transport
2026-05-12 03:09:46,Razorpay,1978,Business
2026-05-12 10:22:46,Zoho,3275,Business
2026-05-12 17:35:46,Meesho,4610,Business
2026-05-12 23:48:46,Zomato,96,Restaurant
2026-05-13 07:01:46,Swiggy,262,Restaurant
2026-05-13 14:14:46,KFC,228,Restaurant
2026-05-13 21:27:46,McDonalds,458,Restaurant
2026-05-13 04:40:46,DMart,604,Market
2026-05-13 10:53:46,BigBazaar,1003,Market
2026-05-14 18:06:46,Reliance,1463,Market
2026-05-14 01:19:46,Blinkit,2104,Market
2026-05-14 08:32:46,Starbucks,3316,Coffee
2026-05-14 15:45:46,CafeCoffeeDay,4688,Coffee
2026-05-14 21:58:46,Barista,214,Coffee
2026-05-14 05:11:46,OlaCabs,135,Transport
2026-05-15 12:24:46,Uber,340,Transport
2026-05-15 19:37:46,IRCTC,324,Transport
2026-05-15 01:50:46,Rapido,700,Transport
2026-05-15 09:03:46,Razorpay,995,Business
2026-05-15 16:16:46,Zoho,1280,Business
2026-05-15 23:29:46,Meesho,1999,Business
2026-05-16 06:42:46,Zomato,3232,Restaurant
2026-05-16 12:55:46,Swiggy,4528,Restaurant
2026-05-16 20:08:46,KFC,188,Restaurant
2026-05-16 03:21:46,McDonalds,193,Restaurant
2026-05-16 10:34:46,DMart,367,Market
2026-05-16 17:47:46,BigBazaar,333,Market
2026-05-17 00:00:46,Reliance,563,Market
2026-05-17 07:13:46,Blinkit,905,Market
2026-05-17 14:26:46,Starbucks,1353,Coffee
2026-05-17 21:39:46,CafeCoffeeDay,2111,Coffee
2026-05-17 03:52:46,Barista,3226,Coffee
2026-05-17 11:05:46,OlaCabs,4564,Transport
2026-05-18 18:18:46,Uber,91,Transport
2026-05-18 01:31:46,IRCTC,133,Transport
2026-05-18 08:44:46,Rapido,318,Transport
2026-05-18 14:57:46,Razorpay,393,Business
2026-05-18 22:10:46,Zoho,675,Business
2026-05-18 05:23:46,Meesho,958,Business
2026-05-19 12:36:46,Zomato,1339,Restaurant
2026-05-19 18:49:46,Swiggy,1962,Restaurant
2026-05-19 02:02:46,KFC,3185,Restaurant
2026-05-19 09:15:46,McDonalds,4643,Restaurant
2026-05-19 16:28:46,DMart,115,Market
2026-05-19 23:41:46,BigBazaar,291,Market
2026-05-20 05:54:46,Reliance,266,Market
2026-05-20 13:07:46,Blinkit,329,Market
2026-05-20 20:20:46,Starbucks,659,Coffee
2026-05-20 03:33:46,CafeCoffeeDay,849,Coffee
2026-05-20 10:46:46,Barista,1306,Coffee
2026-05-20 16:59:46,OlaCabs,2113,Transport
2026-05-21 00:12:46,Uber,3177,Transport
2026-05-21 07:25:46,IRCTC,4693,Transport
2026-05-21 14:38:46,Rapido,225,Transport
2026-05-21 20:51:46,Razorpay,272,Business
2026-05-21 04:04:46,Zoho,281,Business
2026-05-21 11:17:46,Meesho,442,Business
2026-05-22 18:30:46,Zomato,633,Restaurant
2026-05-22 01:43:46,Swiggy,853,Restaurant
2026-05-22 07:56:46,KFC,1371,Restaurant
2026-05-22 15:09:46,McDonalds,1923,Restaurant
2026-05-22 22:22:46,DMart,3187,Market
2026-05-22 05:35:46,BigBazaar,4657,Market
2026-05-23 11:48:46,Reliance,71,Market
2026-05-23 19:01:46,Blinkit,216,Market
2026-05-23 02:14:46,Starbucks,274,Coffee
2026-05-23 09:27:46,CafeCoffeeDay,472,Coffee
2026-05-23 16:40:46,Barista,731,Coffee
2026-05-23 22:53:46,OlaCabs,1002,Transport
2026-05-24 06:06:46,Uber,1337,Transport
2026-05-24 13:19:46,IRCTC,2069,Transport
2026-05-24 20:32:46,Rapido,3217,Transport
2026-05-24 03:45:46,Razorpay,4683,Business
2026-05-24 09:58:46,Zoho,135,Business
2026-05-24 17:11:46,Meesho,127,Business
2026-05-25 00:24:46,Zomato,352,Restaurant
2026-05-25 07:37:46,Swiggy,359,Restaurant
2026-05-25 13:50:46,KFC,660,Restaurant
2026-05-25 21:03:46,McDonalds,836,Restaurant
2026-05-25 04:16:46,DMart,1428,Market
2026-05-25 11:29:46,BigBazaar,2063,Market
2026-05-26 18:42:46,Reliance,3203,Market
2026-05-26 00:55:46,Blinkit,4676,Market
2026-05-26 08:08:46,Starbucks,96,Coffee
2026-05-26 15:21:46,CafeCoffeeDay,265,Coffee
2026-05-26 22:34:46,Barista,196,Coffee
2026-05-26 05:47:46,OlaCabs,462,Transport
2026-05-27 12:00:46,Uber,658,Transport
2026-05-27 19:13:46,IRCTC,1009,Transport
2026-05-27 02:26:46,Rapido,1347,Transport
2026-05-27 09:39:46,Razorpay,2086,Business
2026-05-27 15:52:46,Zoho,3224,Business
2026-05-27 23:05:46,Meesho,4549,Business
2026-05-28 06:18:46,Zomato,75,Restaurant
2026-05-28 13:31:46,Swiggy,111,Restaurant
2026-05-28 20:44:46,KFC,189,Restaurant
2026-05-28 02:57:46,McDonalds,377,Restaurant
2026-05-28 10:10:46,DMart,666,Market
2026-05-28 17:23:46,BigBazaar,859,Market
2026-05-29 00:36:46,Reliance,1294,Market
2026-05-29 06:49:46,Blinkit,1980,Market
2026-05-29 14:02:46,Starbucks,3257,Coffee
2026-05-29 21:15:46,CafeCoffeeDay,4554,Coffee
2026-05-29 04:28:46,Barista,139,Coffee
2026-05-29 11:41:46,OlaCabs,216,Transport
2026-05-30 17:54:46,Uber,274,Transport
2026-05-30 01:07:46,IRCTC,471,Transport
2026-05-30 08:20:46,Rapido,730,Transport
2026-05-30 15:33:46,Razorpay,1008,Business
2026-05-30 22:46:46,Zoho,1408,Business
2026-05-30 04:59:46,Meesho,2027,Business
2026-05-31 12:12:46,Zomato,3270,Restaurant
2026-05-31 19:25:46,Swiggy,4710,Restaurant
2026-05-31 02:38:46,KFC,226,Restaurant
2026-05-31 08:51:46,McDonalds,139,Restaurant
2026-05-31 16:04:46,DMart,286,Market
2026-05-31 23:17:46,BigBazaar,467,Market
2026-06-01 06:30:46,Reliance,565,Market
2026-06-01 13:43:46,Blinkit,955,Market
2026-06-01 19:56:46,Starbucks,1427,Coffee
2026-06-01 03:09:46,CafeCoffeeDay,2024,Coffee
2026-06-01 10:22:46,Barista,3191,Coffee
2026-06-01 17:35:46,OlaCabs,4528,Transport
2026-06-01 23:48:46,Uber,216,Transport
2026-06-02 07:01:46,IRCTC,194,Transport
2026-06-02 14:14:46,Rapido,235,Transport
2026-06-02 21:27:46,Razorpay,413,Business
2026-06-02 04:40:46,Zoho,653,Business
2026-06-02 10:53:46,Meesho,890,Business
2026-06-03 18:06:46,Zomato,1362,Restaurant
2026-06-03 01:19:46,Swiggy,1945,Restaurant
2026-06-03 08:32:46,KFC,3295,Restaurant
2026-06-03 15:45:46,McDonalds,4614,Restaurant
2026-06-03 21:58:46,DMart,179,Market
2026-06-03 05:11:46,BigBazaar,265,Market
2026-06-04 12:24:46,Reliance,271,Market
2026-06-04 19:37:46,Blinkit,315,Market
2026-06-04 01:50:46,Starbucks,641,Coffee
2026-06-04 09:03:46,CafeCoffeeDay,900,Coffee
2026-06-04 16:16:46,Barista,1318,Coffee
2026-06-04 23:29:46,OlaCabs,1951,Transport
2026-06-05 06:42:46,Uber,3236,Transport
2026-06-05 12:55:46,IRCTC,4543,Transport
2026-06-05 20:08:46,Rapido,209,Transport
2026-06-05 03:21:46,Razorpay,154,Business
2026-06-05 10:34:46,Zoho,344,Business
2026-06-05 17:47:46,Meesho,463,Business
2026-06-06 00:00:46,Zomato,692,Restaurant
2026-06-06 07:13:46,Swiggy,835,Restaurant
2026-06-06 14:26:46,KFC,1282,Restaurant
2026-06-06 21:39:46,McDonalds,2005,Restaurant
2026-06-06 03:52:46,DMart,3182,Market
2026-06-06 11:05:46,BigBazaar,4552,Market
2026-06-07 18:18:46,Reliance,184,Market
2026-06-07 01:31:46,Blinkit,152,Market
2026-06-07 08:44:46,Starbucks,197,Coffee
2026-06-07 14:57:46,CafeCoffeeDay,495,Coffee
2026-06-07 22:10:46,Barista,681,Coffee
2026-06-07 05:23:46,OlaCabs,883,Transport
2026-06-08 12:36:46,Uber,1420,Transport
2026-06-08 18:49:46,IRCTC,1975,Transport
2026-06-08 02:02:46,Rapido,3179,Transport
2026-06-08 09:15:46,Razorpay,4604,Business
2026-06-08 16:28:46,Zoho,238,Business
2026-06-08 23:41:46,Meesho,137,Business
2026-06-09 05:54:46,Zomato,332,Restaurant
2026-06-09 13:07:46,Swiggy,300,Restaurant
2026-06-09 20:20:46,KFC,610,Restaurant
2026-06-09 03:33:46,McDonalds,867,Restaurant
2026-06-09 10:46:46,DMart,1303,Market
2026-06-09 16:59:46,BigBazaar,2058,Market
2026-06-10 00:12:46,Reliance,3184,Market
2026-06-10 07:25:46,Blinkit,4564,Market
2026-06-10 14:38:46,Starbucks,68,Coffee
2026-06-10 20:51:46,CafeCoffeeDay,269,Coffee
2026-06-10 04:04:46,Barista,186,Coffee
2026-06-10 11:17:46,OlaCabs,333,Transport
2026-06-11 18:30:46,Uber,543,Transport
2026-06-11 01:43:46,IRCTC,921,Transport
2026-06-11 07:56:46,Rapido,1330,Transport
2026-06-11 15:09:46,Razorpay,2070,Business
2026-06-11 22:22:46,Zoho,3202,Business
2026-06-11 05:35:46,Meesho,4524,Business
2026-06-12 11:48:46,Zomato,84,Restaurant
2026-06-12 19:01:46,Swiggy,167,Restaurant
2026-06-12 02:14:46,KFC,193,Restaurant
2026-06-12 09:27:46,McDonalds,332,Restaurant
2026-06-12 16:40:46,DMart,729,Market
2026-06-12 22:53:46,BigBazaar,937,Market
2026-06-13 06:06:46,Reliance,1404,Market
2026-06-13 13:19:46,Blinkit,1949,Market
2026-06-13 20:32:46,Starbucks,3310,Coffee
2026-06-13 03:45:46,CafeCoffeeDay,4536,Coffee
2026-06-13 09:58:46,Barista,161,Coffee
2026-06-13 17:11:46,OlaCabs,214,Transport
2026-06-14 00:24:46,Uber,379,Transport
2026-06-14 07:37:46,IRCTC,392,Transport
2026-06-14 13:50:46,Rapido,671,Transport
2026-06-14 21:03:46,Razorpay,981,Business
2026-06-14 04:16:46,Zoho,1297,Business
2026-06-14 11:29:46,Meesho,2035,Business
2026-06-15 18:42:46,Zomato,3248,Restaurant
2026-06-15 00:55:46,Swiggy,4576,Restaurant
2026-06-15 08:08:46,KFC,197,Restaurant
2026-06-15 15:21:46,McDonalds,111,Restaurant
2026-06-15 22:34:46,DMart,366,Market
2026-06-15 05:47:46,BigBazaar,500,Market
2026-06-16 12:00:46,Reliance,708,Market
2026-06-16 19:13:46,Blinkit,963,Market
2026-06-16 02:26:46,Starbucks,1347,Coffee
2026-06-16 09:39:46,CafeCoffeeDay,2037,Coffee
2026-06-16 15:52:46,Barista,3284,Coffee
2026-06-16 23:05:46,OlaCabs,4527,Transport
2026-06-17 06:18:46,Uber,60,Transport
2026-06-17 13:31:46,IRCTC,222,Transport
2026-06-17 20:44:46,Rapido,282,Transport
2026-06-17 02:57:46,Razorpay,409,Business
2026-06-17 10:10:46,Zoho,715,Business
2026-06-17 17:23:46,Meesho,857,Business
2026-06-18 00:36:46,Zomato,1395,Restaurant
2026-06-18 06:49:46,Swiggy,2102,Restaurant
2026-06-18 14:02:46,KFC,3233,Restaurant
2026-06-18 21:15:46,McDonalds,4538,Restaurant
2026-06-18 04:28:46,DMart,60,Market
2026-06-18 11:41:46,BigBazaar,182,Market
2026-06-19 17:54:46,Reliance,335,Market
2026-06-19 01:07:46,Blinkit,337,Market
2026-06-19 08:20:46,Starbucks,556,Coffee
2026-06-19 15:33:46,CafeCoffeeDay,862,Coffee
2026-06-19 22:46:46,Barista,1340,Coffee
2026-06-19 04:59:46,OlaCabs,2079,Transport
2026-06-20 12:12:46,Uber,3282,Transport
2026-06-20 19:25:46,IRCTC,4669,Transport
2026-06-20 02:38:46,Rapido,180,Transport
2026-06-20 08:51:46,Razorpay,282,Business
2026-06-20 16:04:46,Zoho,263,Business
2026-06-20 23:17:46,Meesho,397,Business
2026-06-21 06:30:46,Zomato,692,Restaurant
2026-06-21 13:43:46,Swiggy,965,Restaurant
2026-06-21 19:56:46,KFC,1345,Restaurant
2026-06-21 03:09:46,McDonalds,2036,Restaurant
2026-06-21 10:22:46,DMart,3249,Market
2026-06-21 17:35:46,BigBazaar,4674,Market
2026-06-21 23:48:46,Reliance,150,Market
2026-06-22 07:01:46,Blinkit,125,Market
2026-06-22 14:14:46,Starbucks,359,Coffee
2026-06-22 21:27:46,CafeCoffeeDay,329,Coffee
2026-06-22 04:40:46,Barista,707,Coffee
2026-06-22 10:53:46,OlaCabs,996,Transport
2026-06-23 18:06:46,Uber,1466,Transport
2026-06-23 01:19:46,IRCTC,2061,Transport
2026-06-23 08:32:46,Rapido,3304,Transport
2026-06-23 15:45:46,Razorpay,4575,Business
2026-06-23 21:58:46,Zoho,150,Business
2026-06-23 05:11:46,Meesho,215,Business
2026-06-24 12:24:46,Zomato,238,Restaurant
2026-06-24 19:37:46,Swiggy,405,Restaurant
2026-06-24 01:50:46,KFC,626,Restaurant
2026-06-24 09:03:46,McDonalds,946,Restaurant
2026-06-24 16:16:46,DMart,1372,Market
2026-06-24 23:29:46,BigBazaar,2026,Market
2026-06-25 06:42:46,Reliance,3306,Market
2026-06-25 12:55:46,Blinkit,4544,Market
2026-06-25 20:08:46,Starbucks,120,Coffee
2026-06-25 03:21:46,CafeCoffeeDay,209,Coffee
2026-06-25 10:34:46,Barista,260,Coffee
2026-06-25 17:47:46,OlaCabs,470,Transport
2026-06-26 00:00:46,Uber,605,Transport
2026-06-26 07:13:46,IRCTC,925,Transport
2026-06-26 14:26:46,Rapido,1309,Transport
2026-06-26 21:39:46,Razorpay,2095,Business
2026-06-26 03:52:46,Zoho,3241,Business
2026-06-26 11:05:46,Meesho,4537,Business
2026-06-27 18:18:46,Zomato,63,Restaurant
2026-06-27 01:31:46,Swiggy,121,Restaurant
2026-06-27 08:44:46,KFC,203,Restaurant
2026-06-27 14:57:46,McDonalds,410,Restaurant
2026-06-27 22:10:46,DMart,564,Market
2026-06-27 05:23:46,BigBazaar,1020,Market
2026-06-28 12:36:46,Reliance,1459,Market
2026-06-28 18:49:46,Blinkit,2015,Market
2026-06-28 02:02:46,Starbucks,3153,Coffee
2026-06-28 09:15:46,CafeCoffeeDay,4662,Coffee
2026-06-28 16:28:46,Barista,60,Coffee
2026-06-28 23:41:46,OlaCabs,250,Transport
2026-06-29 05:54:46,Uber,323,Transport
2026-06-29 13:07:46,IRCTC,443,Transport
2026-06-29 20:20:46,Rapido,624,Transport
2026-06-29 03:33:46,Razorpay,1001,Business
2026-06-29 10:46:46,Zoho,1301,Business
2026-06-29 16:59:46,Meesho,2025,Business
2026-06-30 00:12:46,Zomato,3210,Restaurant
2026-06-30 07:25:46,Swiggy,4690,Restaurant
2026-06-30 14:38:46,KFC,232,Restaurant
2026-06-30 20:51:46,McDonalds,208,Restaurant
2026-06-30 04:04:46,DMart,364,Market
2026-06-30 11:17:46,BigBazaar,313,Market
2026-07-01 18:30:46,Reliance,613,Market
2026-07-01 01:43:46,Blinkit,983,Market
2026-07-01 07:56:46,Starbucks,1349,Coffee
2026-07-01 15:09:46,CafeCoffeeDay,2010,Coffee
2026-07-01 22:22:46,Barista,3146,Coffee
2026-07-01 05:35:46,OlaCabs,4667,Transport
2026-07-02 11:48:46,Uber,169,Transport
2026-07-02 19:01:46,IRCTC,154,Transport
2026-07-02 02:14:46,Rapido,219,Transport
2026-07-02 09:27:46,Razorpay,468,Business
2026-07-02 16:40:46,Zoho,663,Business
2026-07-02 22:53:46,Meesho,887,Business
2026-07-03 06:06:46,Zomato,1297,Restaurant
2026-07-03 13:19:46,Swiggy,2009,Restaurant
2026-07-03 20:32:46,KFC,3262,Restaurant
2026-07-03 03:45:46,McDonalds,4614,Restaurant
2026-07-03 09:58:46,DMart,69,Market
2026-07-03 17:11:46,BigBazaar,295,Market
2026-07-04 00:24:46,Reliance,251,Market
2026-07-04 07:37:46,Blinkit,446,Market
2026-07-04 13:50:46,Starbucks,597,Coffee
2026-07-04 21:03:46,CafeCoffeeDay,939,Coffee
2026-07-04 04:16:46,Barista,1413,Coffee
2026-07-04 11:29:46,OlaCabs,2116,Transport
2026-07-05 18:42:46,Uber,3279,Transport
2026-07-05 00:55:46,IRCTC,4677,Transport
2026-07-05 08:08:46,Rapido,212,Transport
2026-07-05 15:21:46,Razorpay,264,Business
2026-07-05 22:34:46,Zoho,322,Business
2026-07-05 05:47:46,Meesho,306,Business
2026-07-06 12:00:46,Zomato,695,Restaurant
2026-07-06 19:13:46,Swiggy,998,Restaurant
2026-07-06 02:26:46,KFC,1447,Restaurant
2026-07-06 09:39:46,McDonalds,1988,Restaurant
2026-07-06 15:52:46,DMart,3127,Market
2026-07-06 23:05:46,BigBazaar,4566,Market
2026-07-07 06:18:46,Reliance,109,Market
2026-07-07 13:31:46,Blinkit,279,Market
2026-07-07 20:44:46,Starbucks,375,Coffee
2026-07-07 02:57:46,CafeCoffeeDay,379,Coffee
2026-07-07 10:10:46,Barista,626,Coffee
2026-07-07 17:23:46,OlaCabs,919,Transport
2026-07-08 00:36:46,Uber,1271,Transport
2026-07-08 06:49:46,IRCTC,1966,Transport
2026-07-08 14:02:46,Rapido,3156,Transport
2026-07-08 21:15:46,Razorpay,4664,Business
2026-07-08 04:28:46,Zoho,208,Business
2026-07-08 11:41:46,Meesho,202,Business
2026-07-09 17:54:46,Zomato,197,Restaurant
2026-07-09 01:07:46,Swiggy,336,Restaurant
2026-07-09 08:20:46,KFC,729,Restaurant
2026-07-09 15:33:46,McDonalds,992,Restaurant
2026-07-09 22:46:46,DMart,1277,Market
2026-07-09 04:59:46,BigBazaar,1943,Market
2026-07-10 12:12:46,Reliance,3311,Market
2026-07-10 19:25:46,Blinkit,4655,Market
2026-07-10 02:38:46,Starbucks,95,Coffee
2026-07-10 08:51:46,CafeCoffeeDay,196,Coffee
2026-07-10 16:04:46,Barista,287,Coffee
2026-07-10 23:17:46,OlaCabs,416,Transport
2026-07-11 06:30:46,Uber,627,Transport
2026-07-11 13:43:46,IRCTC,870,Transport
2026-07-11 19:56:46,Rapido,1364,Transport
2026-07-11 03:09:46,Razorpay,1999,Business
2026-07-11 10:22:46,Zoho,3304,Business
2026-07-11 17:35:46,Meesho,4603,Business
2026-07-11 23:48:46,Zomato,238,Restaurant
2026-07-12 07:01:46,Swiggy,245,Restaurant
2026-07-12 14:14:46,KFC,332,Restaurant
2026-07-12 21:27:46,McDonalds,321,Restaurant
2026-07-12 04:40:46,DMart,553,Market
2026-07-12 10:53:46,BigBazaar,869,Market
2026-07-13 18:06:46,Reliance,1310,Market
2026-07-13 01:19:46,Blinkit,2113,Market
2026-07-13 08:32:46,Starbucks,3278,Coffee
2026-07-13 15:45:46,CafeCoffeeDay,4532,Coffee
2026-07-13 21:58:46,Barista,212,Coffee
2026-07-13 05:11:46,OlaCabs,120,Transport
2026-07-14 12:24:46,Uber,249,Transport
2026-07-14 19:37:46,IRCTC,413,Transport
2026-07-14 01:50:46,Rapido,709,Transport
2026-07-14 09:03:46,Razorpay,938,Business
2026-07-14 16:16:46,Zoho,1394,Business
2026-07-14 23:29:46,Meesho,2075,Business
2026-07-15 06:42:46,Zomato,3233,Restaurant
2026-07-15 12:55:46,Swiggy,4626,Restaurant
2026-07-15 20:08:46,KFC,109,Restaurant
2026-07-15 03:21:46,McDonalds,155,Restaurant
2026-07-15 10:34:46,DMart,373,Market
2026-07-15 17:47:46,BigBazaar,431,Market
2026-07-16 00:00:46,Reliance,569,Market
2026-07-16 07:13:46,Blinkit,918,Market
2026-07-16 14:26:46,Starbucks,1380,Coffee
2026-07-16 21:39:46,CafeCoffeeDay,1948,Coffee
2026-07-16 03:52:46,Barista,3192,Coffee
2026-07-16 11:05:46,OlaCabs,4693,Transport
2026-07-17 18:18:46,Uber,213,Transport
2026-07-17 01:31:46,IRCTC,251,Transport
2026-07-17 08:44:46,Rapido,304,Transport
2026-07-17 14:57:46,Razorpay,434,Business
2026-07-17 22:10:46,Zoho,710,Business
2026-07-17 05:23:46,Meesho,908,Business
2026-07-18 12:36:46,Zomato,1281,Restaurant
2026-07-18 18:49:46,Swiggy,1976,Restaurant
2026-07-18 02:02:46,KFC,3221,Restaurant
2026-07-18 09:15:46,McDonalds,4673,Restaurant
2026-07-18 16:28:46,DMart,60,Market
2026-07-18 23:41:46,BigBazaar,101,Market
2026-07-19 05:54:46,Reliance,232,Market
2026-07-19 13:07:46,Blinkit,377,Market
2026-07-19 20:20:46,Starbucks,594,Coffee
2026-07-19 03:33:46,CafeCoffeeDay,1026,Coffee
2026-07-19 10:46:46,Barista,1305,Coffee
2026-07-19 16:59:46,OlaCabs,2115,Transport
2026-07-20 00:12:46,Uber,3185,Transport
2026-07-20 07:25:46,IRCTC,4594,Transport
2026-07-20 14:38:46,Rapido,123,Transport
2026-07-20 20:51:46,Razorpay,130,Business
2026-07-20 04:04:46,Zoho,181,Business
2026-07-20 11:17:46,Meesho,427,Business
2026-07-21 18:30:46,Zomato,731,Restaurant
2026-07-21 01:43:46,Swiggy,940,Restaurant
2026-07-21 07:56:46,KFC,1314,Restaurant
2026-07-21 15:09:46,McDonalds,1953,Restaurant
2026-07-21 22:22:46,DMart,3217,Market
2026-07-21 05:35:46,BigBazaar,4656,Market
2026-07-22 11:48:46,Reliance,220,Market
2026-07-22 19:01:46,Blinkit,158,Market
2026-07-22 02:14:46,Starbucks,308,Coffee
2026-07-22 09:27:46,CafeCoffeeDay,443,Coffee
2026-07-22 16:40:46,Barista,711,Coffee
2026-07-22 22:53:46,OlaCabs,920,Transport
2026-07-23 06:06:46,Uber,1288,Transport
2026-07-23 13:19:46,IRCTC,2021,Transport
2026-07-23 20:32:46,Rapido,3309,Transport
2026-07-23 03:45:46,Razorpay,4530,Business
2026-07-23 09:58:46,Zoho,151,Business
2026-07-23 17:11:46,Meesho,104,Business
2026-07-24 00:24:46,Zomato,297,Restaurant
2026-07-24 07:37:46,Swiggy,319,Restaurant
2026-07-24 13:50:46,KFC,620,Restaurant
2026-07-24 21:03:46,McDonalds,977,Restaurant
2026-07-24 04:16:46,DMart,1379,Market
2026-07-24 11:29:46,BigBazaar,2066,Market
2026-07-25 18:42:46,Reliance,3223,Market
2026-07-25 00:55:46,Blinkit,4701,Market
2026-07-25 08:08:46,Starbucks,203,Coffee
2026-07-25 15:21:46,CafeCoffeeDay,206,Coffee
2026-07-25 22:34:46,Barista,254,Coffee
2026-07-25 05:47:46,OlaCabs,329,Transport
2026-07-26 12:00:46,Uber,643,Transport
2026-07-26 19:13:46,IRCTC,835,Transport
2026-07-26 02:26:46,Rapido,1353,Transport
2026-07-26 09:39:46,Razorpay,1963,Business
2026-07-26 15:52:46,Zoho,3278,Business
2026-07-26 23:05:46,Meesho,4637,Business
2026-07-27 06:18:46,Zomato,216,Restaurant
2026-07-27 13:31:46,Swiggy,192,Restaurant
2026-07-27 20:44:46,KFC,202,Restaurant
2026-07-27 02:57:46,McDonalds,411,Restaurant
2026-07-27 10:10:46,DMart,567,Market
2026-07-27 17:23:46,BigBazaar,892,Market
2026-07-28 00:36:46,Reliance,1381,Market
2026-07-28 06:49:46,Blinkit,2070,Market
2026-07-28 14:02:46,Starbucks,3222,Coffee
2026-07-28 21:15:46,CafeCoffeeDay,4654,Coffee
2026-07-28 04:28:46,Barista,60,Coffee
2026-07-28 11:41:46,OlaCabs,201,Transport
2026-07-29 17:54:46,Uber,259,Transport
2026-07-29 01:07:46,IRCTC,490,Transport
2026-07-29 08:20:46,Rapido,626,Transport
2026-07-29 15:33:46,Razorpay,886,Business
2026-07-29 22:46:46,Zoho,1355,Business
2026-07-29 04:59:46,Meesho,2119,Business
2026-07-30 12:12:46,Zomato,3163,Restaurant
2026-07-30 19:25:46,Swiggy,4539,Restaurant
2026-07-30 02:38:46,KFC,170,Restaurant
2026-07-30 08:51:46,McDonalds,262,Restaurant
2026-07-30 16:04:46,DMart,209,Market
2026-07-30 23:17:46,BigBazaar,435,Market
2026-07-31 06:30:46,Reliance,670,Market
2026-07-31 13:43:46,Blinkit,879,Market
2026-07-31 19:56:46,Starbucks,1468,Coffee
2026-07-31 03:09:46,CafeCoffeeDay,2009,Coffee
2026-07-31 10:22:46,Barista,3209,Coffee
2026-07-31 17:35:46,OlaCabs,4706,Transport
2026-07-31 23:48:46,Uber,205,Transport
2026-08-01 07:01:46,IRCTC,137,Transport
2026-08-01 14:14:46,Rapido,240,Transport
2026-08-01 21:27:46,Razorpay,326,Business
2026-08-01 04:40:46,Zoho,577,Business
2026-08-01 10:53:46,Meesho,895,Business
2026-08-02 18:06:46,Zomato,1320,Restaurant
2026-08-02 01:19:46,Swiggy,1964,Restaurant
2026-08-02 08:32:46,KFC,3274,Restaurant
2026-08-02 15:45:46,McDonalds,4559,Restaurant
2026-08-02 21:58:46,DMart,234,Market
2026-08-02 05:11:46,BigBazaar,294,Market
2026-08-03 12:24:46,Reliance,347,Market
2026-08-03 19:37:46,Blinkit,319,Market
2026-08-03 01:50:46,Starbucks,585,Coffee
2026-08-03 09:03:46,CafeCoffeeDay,1027,Coffee
2026-08-03 16:16:46,Barista,1430,Coffee
2026-08-03 23:29:46,OlaCabs,2046,Transport
2026-08-04 06:42:46,Uber,3238,Transport
2026-08-04 12:55:46,IRCTC,4713,Transport
2026-08-04 20:08:46,Rapido,184,Transport
2026-08-04 03:21:46,Razorpay,294,Business
2026-08-04 10:34:46,Zoho,328,Business
2026-08-04 17:47:46,Meesho,414,Business
2026-08-05 00:00:46,Zomato,714,Restaurant
2026-08-05 07:13:46,Swiggy,974,Restaurant
2026-08-05 14:26:46,KFC,1434,Restaurant
2026-08-05 21:39:46,McDonalds,2082,Restaurant
2026-08-05 03:52:46,DMart,3279,Market
2026-08-05 11:05:46,BigBazaar,4602,Market
2026-08-06 18:18:46,Reliance,200,Market
2026-08-06 01:31:46,Blinkit,180,Market
2026-08-06 08:44:46,Starbucks,218,Coffee
2026-08-06 14:57:46,CafeCoffeeDay,412,Coffee
2026-08-06 22:10:46,Barista,557,Coffee
2026-08-06 05:23:46,OlaCabs,950,Transport
2026-08-07 12:36:46,Uber,1383,Transport
2026-08-07 18:49:46,IRCTC,2081,Transport
2026-08-07 02:02:46,Rapido,3197,Transport
2026-08-07 09:15:46,Razorpay,4590,Business
2026-08-07 16:28:46,Zoho,191,Business
2026-08-07 23:41:46,Meesho,114,Business
2026-08-08 05:54:46,Zomato,270,Restaurant
2026-08-08 13:07:46,Swiggy,429,Restaurant
2026-08-08 20:20:46,KFC,558,Restaurant
2026-08-08 03:33:46,McDonalds,909,Restaurant
2026-08-08 10:46:46,DMart,1388,Market
2026-08-08 16:59:46,BigBazaar,2035,Market
2026-08-09 00:12:46,Reliance,3129,Market
2026-08-09 07:25:46,Blinkit,4534,Market
2026-08-09 14:38:46,Starbucks,134,Coffee
2026-08-09 20:51:46,CafeCoffeeDay,173,Coffee
2026-08-09 04:04:46,Barista,199,Coffee
2026-08-09 11:17:46,OlaCabs,465,Transport
2026-08-10 18:30:46,Uber,563,Transport
2026-08-10 01:43:46,IRCTC,987,Transport
2026-08-10 07:56:46,Rapido,1422,Transport
2026-08-10 15:09:46,Razorpay,2049,Business
2026-08-10 22:22:46,Zoho,3218,Business
2026-08-10 05:35:46,Meesho,4638,Business
2026-08-11 11:48:46,Zomato,188,Restaurant
2026-08-11 19:01:46,Swiggy,241,Restaurant
2026-08-11 02:14:46,KFC,369,Restaurant
2026-08-11 09:27:46,McDonalds,310,Restaurant
2026-08-11 16:40:46,DMart,655,Market
2026-08-11 22:53:46,BigBazaar,976,Market
2026-08-12 06:06:46,Reliance,1436,Market
2026-08-12 13:19:46,Blinkit,1968,Market
2026-08-12 20:32:46,Starbucks,3202,Coffee
2026-08-12 03:45:46,CafeCoffeeDay,4674,Coffee
2026-08-12 09:58:46,Barista,161,Coffee
2026-08-12 17:11:46,OlaCabs,228,Transport
2026-08-13 00:24:46,Uber,218,Transport
2026-08-13 07:37:46,IRCTC,315,Transport
2026-08-13 13:50:46,Rapido,655,Transport
2026-08-13 21:03:46,Razorpay,856,Business
2026-08-13 04:16:46,Zoho,1357,Business
2026-08-13 11:29:46,Meesho,2102,Business
2026-08-14 18:42:46,Zomato,3141,Restaurant
2026-08-14 00:55:46,Swiggy,4649,Restaurant
2026-08-14 08:08:46,KFC,205,Restaurant
2026-08-14 15:21:46,McDonalds,144,Restaurant
2026-08-14 22:34:46,DMart,190,Market
2026-08-14 05:47:46,BigBazaar,363,Market
2026-08-15 12:00:46,Reliance,721,Market
2026-08-15 19:13:46,Blinkit,942,Market
2026-08-15 02:26:46,Starbucks,1382,Coffee
2026-08-15 09:39:46,CafeCoffeeDay,2054,Coffee
2026-08-15 15:52:46,Barista,3253,Coffee
2026-08-15 23:05:46,OlaCabs,4676,Transport
2026-08-16 06:18:46,Uber,80,Transport
2026-08-16 13:31:46,IRCTC,193,Transport
2026-08-16 20:44:46,Rapido,275,Transport
2026-08-16 02:57:46,Razorpay,372,Business
2026-08-16 10:10:46,Zoho,639,Business
2026-08-16 17:23:46,Meesho,934,Business
2026-08-17 00:36:46,Zomato,1468,Restaurant
2026-08-17 06:49:46,Swiggy,2006,Restaurant
2026-08-17 14:02:46,KFC,3293,Restaurant
2026-08-17 21:15:46,McDonalds,4673,Restaurant
2026-08-17 04:28:46,DMart,60,Market
2026-08-17 11:41:46,BigBazaar,261,Market
2026-08-18 17:54:46,Reliance,345,Market
2026-08-18 01:07:46,Blinkit,385,Market
2026-08-18 08:20:46,Starbucks,556,Coffee
2026-08-18 15:33:46,CafeCoffeeDay,914,Coffee
2026-08-18 22:46:46,Barista,1294,Coffee
2026-08-18 04:59:46,OlaCabs,2062,Transport
2026-08-19 12:12:46,Uber,3293,Transport
2026-08-19 19:25:46,IRCTC,4618,Transport
2026-08-19 02:38:46,Rapido,112,Transport
2026-08-19 08:51:46,Razorpay,164,Business
2026-08-19 16:04:46,Zoho,365,Business
2026-08-19 23:17:46,Meesho,468,Business
2026-08-20 06:30:46,Zomato,694,Restaurant
2026-08-20 13:43:46,Swiggy,868,Restaurant
2026-08-20 19:56:46,KFC,1355,Restaurant
2026-08-20 03:09:46,McDonalds,1940,Restaurant
2026-08-20 10:22:46,DMart,3269,Market
2026-08-20 17:35:46,BigBazaar,4689,Market
2026-08-20 23:48:46,Reliance,76,Market
2026-08-21 07:01:46,Blinkit,189,Market
2026-08-21 14:14:46,Starbucks,259,Coffee
2026-08-21 21:27:46,CafeCoffeeDay,467,Coffee
2026-08-21 04:40:46,Barista,718,Coffee
2026-08-21 10:53:46,OlaCabs,999,Transport
2026-08-22 18:06:46,Uber,1370,Transport
2026-08-22 01:19:46,IRCTC,1953,Transport
2026-08-22 08:32:46,Rapido,3272,Transport
2026-08-22 15:45:46,Razorpay,4701,Business
2026-08-22 21:58:46,Zoho,61,Business
2026-08-22 05:11:46,Meesho,179,Business
2026-08-23 12:24:46,Zomato,323,Restaurant
2026-08-23 19:37:46,Swiggy,396,Restaurant
2026-08-23 01:50:46,KFC,704,Restaurant
2026-08-23 09:03:46,McDonalds,914,Restaurant
2026-08-23 16:16:46,DMart,1302,Market
2026-08-23 23:29:46,BigBazaar,2091,Market
2026-08-24 06:42:46,Reliance,3299,Market
2026-08-24 12:55:46,Blinkit,4709,Market
2026-08-24 20:08:46,Starbucks,215,Coffee
2026-08-24 03:21:46,CafeCoffeeDay,234,Coffee
2026-08-24 10:34:46,Barista,203,Coffee
2026-08-24 17:47:46,OlaCabs,465,Transport
2026-08-25 00:00:46,Uber,711,Transport
2026-08-25 07:13:46,IRCTC,938,Transport
2026-08-25 14:26:46,Rapido,1400,Transport
2026-08-25 21:39:46,Razorpay,2012,Business
2026-08-25 03:52:46,Zoho,3124,Business
2026-08-25 11:05:46,Meesho,4612,Business
2026-08-26 18:18:46,Zomato,119,Restaurant
2026-08-26 01:31:46,Swiggy,146,Restaurant
2026-08-26 08:44:46,KFC,234,Restaurant
2026-08-26 14:57:46,McDonalds,387,Restaurant
2026-08-26 22:10:46,DMart,736,Market
2026-08-26 05:23:46,BigBazaar,954,Market
2026-08-27 12:36:46,Reliance,1319,Market
2026-08-27 18:49:46,Blinkit,1977,Market
2026-08-27 02:02:46,Starbucks,3155,Coffee
2026-08-27 09:15:46,CafeCoffeeDay,4559,Coffee
2026-08-27 16:28:46,Barista,60,Coffee
2026-08-27 23:41:46,OlaCabs,175,Transport
2026-08-28 05:54:46,Uber,205,Transport
2026-08-28 13:07:46,IRCTC,429,Transport
2026-08-28 20:20:46,Rapido,737,Transport
2026-08-28 03:33:46,Razorpay,968,Business
2026-08-28 10:46:46,Zoho,1459,Business
2026-08-28 16:59:46,Meesho,2054,Business
2026-08-29 00:12:46,Zomato,3129,Restaurant
2026-08-29 07:25:46,Swiggy,4689,Restaurant
2026-08-29 14:38:46,KFC,126,Restaurant
2026-08-29 20:51:46,McDonalds,296,Restaurant
2026-08-29 04:04:46,DMart,338,Market
2026-08-29 11:17:46,BigBazaar,333,Market
2026-08-30 18:30:46,Reliance,692,Market
2026-08-30 01:43:46,Blinkit,926,Market
2026-08-30 07:56:46,Starbucks,1309,Coffee
2026-08-30 15:09:46,CafeCoffeeDay,1961,Coffee
2026-08-30 22:22:46,Barista,3166,Coffee
2026-08-30 05:35:46,OlaCabs,4697,Transport
2026-08-31 11:48:46,Uber,237,Transport
2026-08-31 19:01:46,IRCTC,259,Transport
2026-08-31 02:14:46,Rapido,222,Transport
2026-08-31 09:27:46,Razorpay,484,Business
2026-08-31 16:40:46,Zoho,652,Business
2026-08-31 22:53:46,Meesho,841,Business
2026-09-01 06:06:46,Zomato,1375,Restaurant
2026-09-01 13:19:46,Swiggy,2013,Restaurant
2026-09-01 20:32:46,KFC,3293,Restaurant
2026-09-01 03:45:46,McDonalds,4704,Restaurant
2026-09-01 09:58:46,DMart,100,Market
2026-09-01 17:11:46,BigBazaar,213,Market
2026-09-02 00:24:46,Reliance,336,Market
2026-09-02 07:37:46,Blinkit,372,Market
2026-09-02 13:50:46,Starbucks,732,Coffee
2026-09-02 21:03:46,CafeCoffeeDay,1021,Coffee
2026-09-02 04:16:46,Barista,1470,Coffee
2026-09-02 11:29:46,OlaCabs,2034,Transport
2026-09-03 18:42:46,Uber,3179,Transport
2026-09-03 00:55:46,IRCTC,4656,Transport
2026-09-03 08:08:46,Rapido,101,Transport
2026-09-03 15:21:46,Razorpay,179,Business
2026-09-03 22:34:46,Zoho,380,Business
2026-09-03 05:47:46,Meesho,420,Business
2026-09-04 12:00:46,Zomato,589,Restaurant
2026-09-04 19:13:46,Swiggy,924,Restaurant
2026-09-04 02:26:46,KFC,1443,Restaurant
2026-09-04 09:39:46,McDonalds,2066,Restaurant
2026-09-04 15:52:46,DMart,3232,Market
2026-09-04 23:05:46,BigBazaar,4638,Market
2026-09-05 06:18:46,Reliance,236,Market
2026-09-05 13:31:46,Blinkit,172,Market
2026-09-05 20:44:46,Starbucks,379,Coffee
2026-09-05 02:57:46,CafeCoffeeDay,397,Coffee
2026-09-05 10:10:46,Barista,668,Coffee
2026-09-05 17:23:46,OlaCabs,965,Transport
2026-09-06 00:36:46,Uber,1377,Transport
2026-09-06 06:49:46,IRCTC,1961,Transport
2026-09-06 14:02:46,Rapido,3171,Transport
2026-09-06 21:15:46,Razorpay,4674,Business
2026-09-06 04:28:46,Zoho,75,Business
2026-09-06 11:41:46,Meesho,164,Business
2026-09-07 17:54:46,Zomato,193,Restaurant
2026-09-07 01:07:46,Swiggy,464,Restaurant
2026-09-07 08:20:46,KFC,663,Restaurant
2026-09-07 15:33:46,McDonalds,925,Restaurant
2026-09-07 22:46:46,DMart,1411,Market
2026-09-07 04:59:46,BigBazaar,1946,Market
2026-09-08 12:12:46,Reliance,3302,Market
2026-09-08 19:25:46,Blinkit,4652,Market
2026-09-08 02:38:46,Starbucks,71,Coffee
2026-09-08 08:51:46,CafeCoffeeDay,172,Coffee
2026-09-08 16:04:46,Barista,201,Coffee
2026-09-08 23:17:46,OlaCabs,495,Transport
2026-09-09 06:30:46,Uber,581,Transport
2026-09-09 13:43:46,IRCTC,899,Transport
2026-09-09 19:56:46,Rapido,1385,Transport
2026-09-09 03:09:46,Razorpay,2051,Business
2026-09-09 10:22:46,Zoho,3157,Business
2026-09-09 17:35:46,Meesho,4631,Business
2026-09-09 23:48:46,Zomato,63,Restaurant
2026-09-10 07:01:46,Swiggy,156,Restaurant
2026-09-10 14:14:46,KFC,295,Restaurant
2026-09-10 21:27:46,McDonalds,389,Restaurant
2026-09-10 04:40:46,DMart,546,Market
2026-09-10 10:53:46,BigBazaar,936,Market
2026-09-11 18:06:46,Reliance,1283,Market
2026-09-11 01:19:46,Blinkit,2021,Market
2026-09-11 08:32:46,Starbucks,3248,Coffee
2026-09-11 15:45:46,CafeCoffeeDay,4615,Coffee
2026-09-11 21:58:46,Barista,100,Coffee
2026-09-11 05:11:46,OlaCabs,198,Transport
2026-09-12 12:24:46,Uber,200,Transport
2026-09-12 19:37:46,IRCTC,395,Transport
2026-09-12 01:50:46,Rapido,597,Transport
2026-09-12 09:03:46,Razorpay,837,Business
2026-09-12 16:16:46,Zoho,1351,Business
2026-09-12 23:29:46,Meesho,1945,Business
2026-09-13 06:42:46,Zomato,3302,Restaurant
2026-09-13 12:55:46,Swiggy,4686,Restaurant
2026-09-13 20:08:46,KFC,125,Restaurant
2026-09-13 03:21:46,McDonalds,137,Restaurant
2026-09-13 10:34:46,DMart,215,Market
2026-09-13 17:47:46,BigBazaar,309,Market
2026-09-14 00:00:46,Reliance,613,Market
2026-09-14 07:13:46,Blinkit,950,Market
2026-09-14 14:26:46,Starbucks,1448,Coffee
2026-09-14 21:39:46,CafeCoffeeDay,1955,Coffee
2026-09-14 03:52:46,Barista,3314,Coffee
2026-09-14 11:05:46,OlaCabs,4700,Transport
2026-09-15 18:18:46,Uber,160,Transport
2026-09-15 01:31:46,IRCTC,214,Transport
2026-09-15 08:44:46,Rapido,337,Transport
2026-09-15 14:57:46,Razorpay,301,Business
2026-09-15 22:10:46,Zoho,560,Business
2026-09-15 05:23:46,Meesho,834,Business
2026-09-16 12:36:46,Zomato,1335,Restaurant
2026-09-16 18:49:46,Swiggy,1975,Restaurant
2026-09-16 02:02:46,KFC,3158,Restaurant
2026-09-16 09:15:46,McDonalds,4660,Restaurant
2026-09-16 16:28:46,DMart,226,Market
2026-09-16 23:41:46,BigBazaar,255,Market
2026-09-17 05:54:46,Reliance,315,Market
2026-09-17 13:07:46,Blinkit,408,Market
2026-09-17 20:20:46,Starbucks,568,Coffee
2026-09-17 03:33:46,CafeCoffeeDay,1028,Coffee
2026-09-17 10:46:46,Barista,1343,Coffee
2026-09-17 16:59:46,OlaCabs,1980,Transport
2026-09-18 00:12:46,Uber,3197,Transport
2026-09-18 07:25:46,IRCTC,4551,Transport
2026-09-18 14:38:46,Rapido,60,Transport
2026-09-18 20:51:46,Razorpay,161,Business
2026-09-18 04:04:46,Zoho,287,Business
2026-09-18 11:17:46,Meesho,463,Business
2026-09-19 18:30:46,Zomato,699,Restaurant
2026-09-19 01:43:46,Swiggy,947,Restaurant
2026-09-19 07:56:46,KFC,1286,Restaurant
2026-09-19 15:09:46,McDonalds,1948,Restaurant
2026-09-19 22:22:46,DMart,3247,Market
2026-09-19 05:35:46,BigBazaar,4672,Market
2026-09-20 11:48:46,Reliance,177,Market
2026-09-20 19:01:46,Blinkit,104,Market
2026-09-20 02:14:46,Starbucks,341,Coffee
2026-09-20 09:27:46,CafeCoffeeDay,431,Coffee
2026-09-20 16:40:46,Barista,687,Coffee
2026-09-20 22:53:46,OlaCabs,891,Transport
2026-09-21 06:06:46,Uber,1453,Transport
2026-09-21 13:19:46,IRCTC,1956,Transport
2026-09-21 20:32:46,Rapido,3194,Transport
2026-09-21 03:45:46,Razorpay,4629,Business
2026-09-21 09:58:46,Zoho,60,Business
2026-09-21 17:11:46,Meesho,257,Business
2026-09-22 00:24:46,Zomato,270,Restaurant
2026-09-22 07:37:46,Swiggy,361,Restaurant
2026-09-22 13:50:46,KFC,686,Restaurant
2026-09-22 21:03:46,McDonalds,936,Restaurant
2026-09-22 04:16:46,DMart,1317,Market
2026-09-22 11:29:46,BigBazaar,2090,Market
2026-09-23 18:42:46,Reliance,3291,Market
2026-09-23 00:55:46,Blinkit,4541,Market
2026-09-23 08:08:46,Starbucks,174,Coffee
2026-09-23 15:21:46,CafeCoffeeDay,192,Coffee
2026-09-23 22:34:46,Barista,197,Coffee
2026-09-23 05:47:46,OlaCabs,434,Transport
2026-09-24 12:00:46,Uber,679,Transport
2026-09-24 19:13:46,IRCTC,959,Transport
2026-09-24 02:26:46,Rapido,1399,Transport
2026-09-24 09:39:46,Razorpay,2061,Business
2026-09-24 15:52:46,Zoho,3125,Business
2026-09-24 23:05:46,Meesho,4619,Business
2026-09-25 06:18:46,Zomato,160,Restaurant
2026-09-25 13:31:46,Swiggy,111,Restaurant
2026-09-25 20:44:46,KFC,342,Restaurant
2026-09-25 02:57:46,McDonalds,399,Restaurant
2026-09-25 10:10:46,DMart,635,Market
2026-09-25 17:23:46,BigBazaar,894,Market
2026-09-26 00:36:46,Reliance,1461,Market
2026-09-26 06:49:46,Blinkit,1924,Market
2026-09-26 14:02:46,Starbucks,3211,Coffee
2026-09-26 21:15:46,CafeCoffeeDay,4537,Coffee
2026-09-26 04:28:46,Barista,128,Coffee
2026-09-26 11:41:46,OlaCabs,161,Transport
2026-09-27 17:54:46,Uber,367,Transport
2026-09-27 01:07:46,IRCTC,468,Transport
2026-09-27 08:20:46,Rapido,700,Transport
2026-09-27 15:33:46,Razorpay,856,Business
2026-09-27 22:46:46,Zoho,1467,Business
2026-09-27 04:59:46,Meesho,2068,Business
2026-09-28 12:12:46,Zomato,3308,Restaurant
2026-09-28 19:25:46,Swiggy,4713,Restaurant
2026-09-28 02:38:46,KFC,125,Restaurant
2026-09-28 08:51:46,McDonalds,134,Restaurant
2026-09-28 16:04:46,DMart,191,Market
2026-09-28 23:17:46,BigBazaar,390,Market
2026-09-29 06:30:46,Reliance,679,Market
2026-09-29 13:43:46,Blinkit,916,Market
2026-09-29 19:56:46,Starbucks,1434,Coffee
2026-09-29 03:09:46,CafeCoffeeDay,1964,Coffee
2026-09-29 10:22:46,Barista,3319,Coffee
2026-09-29 17:35:46,OlaCabs,4695,Transport
2026-09-29 23:48:46,Uber,158,Transport
2026-09-30 07:01:46,IRCTC,278,Transport
2026-09-30 14:14:46,Rapido,302,Transport
2026-09-30 21:27:46,Razorpay,461,Business
2026-09-30 04:40:46,Zoho,586,Business
2026-09-30 10:53:46,Meesho,864,Business
2026-10-01 18:06:46,Zomato,1286,Restaurant
2026-10-01 01:19:46,Swiggy,2103,Restaurant
2026-10-01 08:32:46,KFC,3318,Restaurant
2026-10-01 15:45:46,McDonalds,4637,Restaurant
2026-10-01 21:58:46,DMart,60,Market
2026-10-01 05:11:46,BigBazaar,175,Market
2026-10-02 12:24:46,Reliance,231,Market
2026-10-02 19:37:46,Blinkit,311,Market
2026-10-02 01:50:46,Starbucks,591,Coffee
2026-10-02 09:03:46,CafeCoffeeDay,840,Coffee
2026-10-02 16:16:46,Barista,1350,Coffee
2026-10-02 23:29:46,OlaCabs,1999,Transport
2026-10-03 06:42:46,Uber,3251,Transport
2026-10-03 12:55:46,IRCTC,4621,Transport
2026-10-03 20:08:46,Rapido,179,Transport
2026-10-03 03:21:46,Razorpay,221,Business
2026-10-03 10:34:46,Zoho,244,Business
2026-10-03 17:47:46,Meesho,309,Business
2026-10-04 00:00:46,Zomato,732,Restaurant
2026-10-04 07:13:46,Swiggy,995,Restaurant
2026-10-04 14:26:46,KFC,1318,Restaurant
2026-10-04 21:39:46,McDonalds,1993,Restaurant
2026-10-04 03:52:46,DMart,3211,Market
2026-10-04 11:05:46,BigBazaar,4719,Market
2026-10-05 18:18:46,Reliance,60,Market
2026-10-05 01:31:46,Blinkit,267,Market
2026-10-05 08:44:46,Starbucks,264,Coffee
2026-10-05 14:57:46,CafeCoffeeDay,369,Coffee
2026-10-05 22:10:46,Barista,571,Coffee
2026-10-05 05:23:46,OlaCabs,924,Transport
2026-10-06 12:36:46,Uber,1381,Transport
2026-10-06 18:49:46,IRCTC,2022,Transport
2026-10-06 02:02:46,Rapido,3310,Transport
2026-10-06 09:15:46,Razorpay,4632,Business
2026-10-06 16:28:46,Zoho,138,Business
2026-10-06 23:41:46,Meesho,186,Business
2026-10-07 05:54:46,Zomato,227,Restaurant
2026-10-07 13:07:46,Swiggy,427,Restaurant
2026-10-07 20:20:46,KFC,717,Restaurant
2026-10-07 03:33:46,McDonalds,957,Restaurant
2026-10-07 10:46:46,DMart,1364,Market
2026-10-07 16:59:46,BigBazaar,2052,Market
2026-10-08 00:12:46,Reliance,3188,Market
2026-10-08 07:25:46,Blinkit,4541,Market
2026-10-08 14:38:46,Starbucks,226,Coffee
2026-10-08 20:51:46,CafeCoffeeDay,208,Coffee
2026-10-08 04:04:46,Barista,200,Coffee
2026-10-08 11:17:46,OlaCabs,410,Transport
2026-10-09 18:30:46,Uber,694,Transport
2026-10-09 01:43:46,IRCTC,876,Transport
2026-10-09 07:56:46,Rapido,1409,Transport
2026-10-09 15:09:46,Razorpay,1995,Business
2026-10-09 22:22:46,Zoho,3202,Business
2026-10-09 05:35:46,Meesho,4546,Business
2026-10-10 11:48:46,Zomato,60,Restaurant
2026-10-10 19:01:46,Swiggy,183,Restaurant
2026-10-10 02:14:46,KFC,349,Restaurant
2026-10-10 09:27:46,McDonalds,375,Restaurant
2026-10-10 16:40:46,DMart,618,Market
2026-10-10 22:53:46,BigBazaar,944,Market
2026-10-11 06:06:46,Reliance,1424,Market
2026-10-11 13:19:46,Blinkit,2103,Market
2026-10-11 20:32:46,Starbucks,3229,Coffee
2026-10-11 03:45:46,CafeCoffeeDay,4562,Coffee
2026-10-11 09:58:46,Barista,216,Coffee
2026-10-11 17:11:46,OlaCabs,213,Transport
2026-10-12 00:24:46,Uber,269,Transport
2026-10-12 07:37:46,IRCTC,414,Transport
2026-10-12 13:50:46,Rapido,550,Transport
2026-10-12 21:03:46,Razorpay,1016,Business
2026-10-12 04:16:46,Zoho,1360,Business
2026-10-12 11:29:46,Meesho,2077,Business
2026-10-13 18:42:46,Zomato,3231,Restaurant
2026-10-13 00:55:46,Swiggy,4590,Restaurant
2026-10-13 08:08:46,KFC,203,Restaurant
2026-10-13 15:21:46,McDonalds,114,Restaurant
2026-10-13 22:34:46,DMart,199,Market
2026-10-13 05:47:46,BigBazaar,471,Market
2026-10-14 12:00:46,Reliance,703,Market
2026-10-14 19:13:46,Blinkit,933,Market
2026-10-14 02:26:46,Starbucks,1363,Coffee
2026-10-14 09:39:46,CafeCoffeeDay,2051,Coffee
2026-10-14 15:52:46,Barista,3311,Coffee
2026-10-14 23:05:46,OlaCabs,4693,Transport
2026-10-15 06:18:46,Uber,80,Transport
2026-10-15 13:31:46,IRCTC,107,Transport
2026-10-15 20:44:46,Rapido,216,Transport
2026-10-15 02:57:46,Razorpay,455,Business
2026-10-15 10:10:46,Zoho,713,Business
2026-10-15 17:23:46,Meesho,1030,Business
2026-10-16 00:36:46,Zomato,1382,Restaurant
2026-10-16 06:49:46,Swiggy,1928,Restaurant
2026-10-16 14:02:46,KFC,3152,Restaurant
2026-10-16 21:15:46,McDonalds,4537,Restaurant
2026-10-16 04:28:46,DMart,100,Market
2026-10-16 11:41:46,BigBazaar,299,Market
2026-10-17 17:54:46,Reliance,345,Market
2026-10-17 01:07:46,Blinkit,393,Market
2026-10-17 08:20:46,Starbucks,632,Coffee
2026-10-17 15:33:46,CafeCoffeeDay,928,Coffee
2026-10-17 22:46:46,Barista,1415,Coffee
2026-10-17 04:59:46,OlaCabs,1928,Transport
2026-10-18 12:12:46,Uber,3274,Transport
2026-10-18 19:25:46,IRCTC,4559,Transport
2026-10-18 02:38:46,Rapido,213,Transport
2026-10-18 08:51:46,Razorpay,215,Business
2026-10-18 16:04:46,Zoho,274,Business
2026-10-18 23:17:46,Meesho,395,Business
2026-10-19 06:30:46,Zomato,653,Restaurant
2026-10-19 13:43:46,Swiggy,1025,Restaurant
2026-10-19 19:56:46,KFC,1289,Restaurant
2026-10-19 03:09:46,McDonalds,2066,Restaurant
2026-10-19 10:22:46,DMart,3155,Market
2026-10-19 17:35:46,BigBazaar,4655,Market
2026-10-19 23:48:46,Reliance,133,Market
2026-10-20 07:01:46,Blinkit,201,Market
2026-10-20 14:14:46,Starbucks,260,Coffee
2026-10-20 21:27:46,CafeCoffeeDay,466,Coffee
2026-10-20 04:40:46,Barista,611,Coffee
2026-10-20 10:53:46,OlaCabs,893,Transport
2026-10-21 18:06:46,Uber,1299,Transport
2026-10-21 01:19:46,IRCTC,1926,Transport
2026-10-21 08:32:46,Rapido,3308,Transport
2026-10-21 15:45:46,Razorpay,4567,Business
2026-10-21 21:58:46,Zoho,167,Business
2026-10-21 05:11:46,Meesho,232,Business
2026-10-22 12:24:46,Zomato,279,Restaurant
2026-10-22 19:37:46,Swiggy,443,Restaurant
2026-10-22 01:50:46,KFC,570,Restaurant
2026-10-22 09:03:46,McDonalds,897,Restaurant
2026-10-22 16:16:46,DMart,1468,Market
2026-10-22 23:29:46,BigBazaar,1986,Market
2026-10-23 06:42:46,Reliance,3300,Market
2026-10-23 12:55:46,Blinkit,4634,Market
2026-10-23 20:08:46,Starbucks,94,Coffee
2026-10-23 03:21:46,CafeCoffeeDay,256,Coffee
2026-10-23 10:34:46,Barista,253,Coffee
2026-10-23 17:47:46,OlaCabs,477,Transport
2026-10-24 00:00:46,Uber,665,Transport
2026-10-24 07:13:46,IRCTC,881,Transport
2026-10-24 14:26:46,Rapido,1301,Transport
2026-10-24 21:39:46,Razorpay,1954,Business
2026-10-24 03:52:46,Zoho,3138,Business
2026-10-24 11:05:46,Meesho,4635,Business
2026-10-25 18:18:46,Zomato,84,Restaurant
2026-10-25 01:31:46,Swiggy,282,Restaurant
2026-10-25 08:44:46,KFC,293,Restaurant
2026-10-25 14:57:46,McDonalds,322,Restaurant
2026-10-25 22:10:46,DMart,714,Market
2026-10-25 05:23:46,BigBazaar,911,Market
2026-10-26 12:36:46,Reliance,1440,Market
2026-10-26 18:49:46,Blinkit,2008,Market
2026-10-26 02:02:46,Starbucks,3301,Coffee
2026-10-26 09:15:46,CafeCoffeeDay,4536,Coffee
2026-10-26 16:28:46,Barista,180,Coffee
2026-10-26 23:41:46,OlaCabs,238,Transport
2026-10-27 05:54:46,Uber,254,Transport
2026-10-27 13:07:46,IRCTC,376,Transport
2026-10-27 20:20:46,Rapido,580,Transport
2026-10-27 03:33:46,Razorpay,1012,Business
2026-10-27 10:46:46,Zoho,1451,Business
2026-10-27 16:59:46,Meesho,2099,Business
2026-10-28 00:12:46,Zomato,3283,Restaurant
2026-10-28 07:25:46,Swiggy,4564,Restaurant
2026-10-28 14:38:46,KFC,132,Restaurant
2026-10-28 20:51:46,McDonalds,230,Restaurant
2026-10-28 04:04:46,DMart,237,Market
2026-10-28 11:17:46,BigBazaar,331,Market
2026-10-29 18:30:46,Reliance,591,Market
2026-10-29 01:43:46,Blinkit,865,Market
2026-10-29 07:56:46,Starbucks,1330,Coffee
2026-10-29 15:09:46,CafeCoffeeDay,2046,Coffee
2026-10-29 22:22:46,Barista,3126,Coffee
2026-10-29 05:35:46,OlaCabs,4612,Transport
2026-10-30 11:48:46,Uber,181,Transport
2026-10-30 19:01:46,IRCTC,246,Transport
2026-10-30 02:14:46,Rapido,274,Transport
2026-10-30 09:27:46,Razorpay,419,Business
2026-10-30 16:40:46,Zoho,681,Business
2026-10-30 22:53:46,Meesho,863,Business
2026-10-31 06:06:46,Zomato,1426,Restaurant
2026-10-31 13:19:46,Swiggy,1942,Restaurant
2026-10-31 20:32:46,KFC,3136,Restaurant
2026-10-31 03:45:46,McDonalds,4599,Restaurant
2026-10-31 09:58:46,DMart,141,Market
2026-10-31 17:11:46,BigBazaar,283,Market
2026-11-01 00:24:46,Reliance,364,Market
2026-11-01 07:37:46,Blinkit,422,Market
2026-11-01 13:50:46,Starbucks,674,Coffee
2026-11-01 21:03:46,CafeCoffeeDay,935,Coffee
2026-11-01 04:16:46,Barista,1466,Coffee
2026-11-01 11:29:46,OlaCabs,2024,Transport
2026-11-02 18:42:46,Uber,3267,Transport
2026-11-02 00:55:46,IRCTC,4538,Transport
2026-11-02 08:08:46,Rapido,72,Transport
2026-11-02 15:21:46,Razorpay,181,Business
2026-11-02 22:34:46,Zoho,344,Business
2026-11-02 05:47:46,Meesho,318,Business
2026-11-03 12:00:46,Zomato,655,Restaurant
2026-11-03 19:13:46,Swiggy,949,Restaurant
2026-11-03 02:26:46,KFC,1444,Restaurant
2026-11-03 09:39:46,McDonalds,2052,Restaurant
2026-11-03 15:52:46,DMart,3208,Market
2026-11-03 23:05:46,BigBazaar,4552,Market
2026-11-04 06:18:46,Reliance,239,Market
2026-11-04 13:31:46,Blinkit,241,Market
2026-11-04 20:44:46,Starbucks,343,Coffee
2026-11-04 02:57:46,CafeCoffeeDay,450,Coffee
2026-11-04 10:10:46,Barista,586,Coffee
2026-11-04 17:23:46,OlaCabs,1026,Transport
2026-11-05 00:36:46,Uber,1303,Transport
2026-11-05 06:49:46,IRCTC,2030,Transport
2026-11-05 14:02:46,Rapido,3248,Transport
2026-11-05 21:15:46,Razorpay,4534,Business
